Start testing: Oct 01 14:01 EDT
----------------------------------------------------------
1/25 Testing: cpu_guest
1/25 Test: cpu_guest
Command: "<source>/build/cpu/experiments/cpu/cpu_guest"
Directory: <source>/build/cpu/experiments/cpu
"cpu_guest" start time: Oct 01 14:01 EDT
Output:
----------------------------------------------------------
<source>/tests/cpu/test_guest.c:52:guest_adds_and_stores:PASS
<source>/tests/cpu/test_guest.c:53:zero_is_noop:PASS
<source>/tests/cpu/test_guest.c:53:bad_address_survives:PASS
<source>/tests/cpu/test_guest.c:53:reset_fault_survives:PASS

-----------------------
4 Tests 0 Failures 0 Ignored 
OK
<end of output>
Test time =   0.01 sec
----------------------------------------------------------
Test Passed.
"cpu_guest" end time: Oct 01 14:01 EDT
"cpu_guest" time elapsed: 00:00:00
----------------------------------------------------------

2/25 Testing: cpu_isolation
2/25 Test: cpu_isolation
Command: "<source>/build/cpu/experiments/cpu/cpu_isolation"
Directory: <source>/build/cpu/experiments/cpu
"cpu_isolation" start time: Oct 01 14:01 EDT
Output:
----------------------------------------------------------
<source>/tests/cpu/test_isolation.c:50:reset_registers_are_observable:PASS
instance=0 allocations=1 bytes=853104 create_ns=1093000 boundaries=9
instance=1 allocations=1 bytes=853104 create_ns=1094000 boundaries=9
<source>/tests/cpu/test_isolation.c:50:distinct_baselines:PASS
<source>/tests/cpu/test_isolation.c:50:owner_comparison:PASS
interleavings=64 concurrent_pairs=64 boundaries_per_instance=9 trace_overflows=0
<source>/tests/cpu/test_isolation.c:51:interleaved_and_concurrent:PASS

-----------------------
4 Tests 0 Failures 0 Ignored 
OK
<end of output>
Test time =   0.23 sec
----------------------------------------------------------
Test Passed.
"cpu_isolation" end time: Oct 01 14:01 EDT
"cpu_isolation" time elapsed: 00:00:00
----------------------------------------------------------

3/25 Testing: cpu_faults
3/25 Test: cpu_faults
Command: "<source>/build/cpu/experiments/cpu/cpu_faults"
Directory: <source>/build/cpu/experiments/cpu
"cpu_faults" start time: Oct 01 14:01 EDT
Output:
----------------------------------------------------------
<source>/tests/cpu/test_faults.c:65:terminal_fault_rejects_inspection:PASS
construction_allocations=1 failed_positions=1 leaked_allocations=0
<source>/tests/cpu/test_faults.c:66:allocations_and_witness:PASS
fault_case=0
fault_case=1
fault_case=2
fault_case=3
fault_case=4
fault_case=5
fault_case=6
fault_cases=7 healthy_witnesses=7 terminal_reuse_rejected=7
<source>/tests/cpu/test_faults.c:66:faults_preserve_witness:PASS
<source>/tests/cpu/test_faults.c:66:invalid_requests:PASS

-----------------------
4 Tests 0 Failures 0 Ignored 
OK
<end of output>
Test time =   0.02 sec
----------------------------------------------------------
Test Passed.
"cpu_faults" end time: Oct 01 14:01 EDT
"cpu_faults" time elapsed: 00:00:00
----------------------------------------------------------

4/25 Testing: cpu_inventory
4/25 Test: cpu_inventory
Command: "<python>" "<source>/tests/cpu/test_inventory.py"
Directory: <source>/build/cpu/experiments/cpu
"cpu_inventory" start time: Oct 01 14:01 EDT
Output:
----------------------------------------------------------
{"status": "pass", "compiled_objects": 98, "shared_immutable": 7, "inventory_sha256": "b60ba83b558cfa424175d98b5a657ac2017d2bcdd234d939e5693174b7ae066e"}
PASS: omission and injected mutable declaration controls=2
<end of output>
Test time =  11.79 sec
----------------------------------------------------------
Test Passed.
"cpu_inventory" end time: Oct 01 14:01 EDT
"cpu_inventory" time elapsed: 00:00:11
----------------------------------------------------------

5/25 Testing: cpu_isolation_negative
5/25 Test: cpu_isolation_negative
Command: "<python>" "<source>/tests/cpu/isolation_negative.py" "<source>/build/cpu/experiments/cpu/cpu_isolation"
Directory: <source>/build/cpu/experiments/cpu
"cpu_isolation_negative" start time: Oct 01 14:01 EDT
Output:
----------------------------------------------------------
PASS: swapped baseline rejected by boundary ownership comparison
<end of output>
Test time =   0.04 sec
----------------------------------------------------------
Test Passed.
"cpu_isolation_negative" end time: Oct 01 14:01 EDT
"cpu_isolation_negative" time elapsed: 00:00:00
----------------------------------------------------------

6/25 Testing: cpu_cold_1
6/25 Test: cpu_cold_1
Command: "<source>/build/cpu/experiments/cpu/cpu_cold"
Directory: <source>/build/cpu/experiments/cpu
"cpu_cold_1" start time: Oct 01 14:01 EDT
Output:
----------------------------------------------------------
cold_instance=0 allocations=1 bytes=853104 create_ns=1600000
cold_instance=1 allocations=1 bytes=853104 create_ns=1604000
cold_process_cases=1 barrier_started_instances=2 boundaries_per_instance=9
<source>/tests/cpu/test_cold.c:22:cold_concurrent_lifecycle:PASS

-----------------------
1 Tests 0 Failures 0 Ignored 
OK
<end of output>
Test time =   0.01 sec
----------------------------------------------------------
Test Passed.
"cpu_cold_1" end time: Oct 01 14:01 EDT
"cpu_cold_1" time elapsed: 00:00:00
----------------------------------------------------------

7/25 Testing: cpu_cold_2
7/25 Test: cpu_cold_2
Command: "<source>/build/cpu/experiments/cpu/cpu_cold"
Directory: <source>/build/cpu/experiments/cpu
"cpu_cold_2" start time: Oct 01 14:01 EDT
Output:
----------------------------------------------------------
cold_instance=0 allocations=1 bytes=853104 create_ns=1205000
cold_instance=1 allocations=1 bytes=853104 create_ns=1218000
cold_process_cases=1 barrier_started_instances=2 boundaries_per_instance=9
<source>/tests/cpu/test_cold.c:22:cold_concurrent_lifecycle:PASS

-----------------------
1 Tests 0 Failures 0 Ignored 
OK
<end of output>
Test time =   0.01 sec
----------------------------------------------------------
Test Passed.
"cpu_cold_2" end time: Oct 01 14:01 EDT
"cpu_cold_2" time elapsed: 00:00:00
----------------------------------------------------------

8/25 Testing: cpu_cold_3
8/25 Test: cpu_cold_3
Command: "<source>/build/cpu/experiments/cpu/cpu_cold"
Directory: <source>/build/cpu/experiments/cpu
"cpu_cold_3" start time: Oct 01 14:01 EDT
Output:
----------------------------------------------------------
cold_instance=0 allocations=1 bytes=853104 create_ns=1203000
cold_instance=1 allocations=1 bytes=853104 create_ns=1221000
cold_process_cases=1 barrier_started_instances=2 boundaries_per_instance=9
<source>/tests/cpu/test_cold.c:22:cold_concurrent_lifecycle:PASS

-----------------------
1 Tests 0 Failures 0 Ignored 
OK
<end of output>
Test time =   0.01 sec
----------------------------------------------------------
Test Passed.
"cpu_cold_3" end time: Oct 01 14:01 EDT
"cpu_cold_3" time elapsed: 00:00:00
----------------------------------------------------------

9/25 Testing: cpu_cold_4
9/25 Test: cpu_cold_4
Command: "<source>/build/cpu/experiments/cpu/cpu_cold"
Directory: <source>/build/cpu/experiments/cpu
"cpu_cold_4" start time: Oct 01 14:01 EDT
Output:
----------------------------------------------------------
cold_instance=0 allocations=1 bytes=853104 create_ns=1220000
cold_instance=1 allocations=1 bytes=853104 create_ns=1272000
cold_process_cases=1 barrier_started_instances=2 boundaries_per_instance=9
<source>/tests/cpu/test_cold.c:22:cold_concurrent_lifecycle:PASS

-----------------------
1 Tests 0 Failures 0 Ignored 
OK
<end of output>
Test time =   0.01 sec
----------------------------------------------------------
Test Passed.
"cpu_cold_4" end time: Oct 01 14:01 EDT
"cpu_cold_4" time elapsed: 00:00:00
----------------------------------------------------------

10/25 Testing: cpu_cold_5
10/25 Test: cpu_cold_5
Command: "<source>/build/cpu/experiments/cpu/cpu_cold"
Directory: <source>/build/cpu/experiments/cpu
"cpu_cold_5" start time: Oct 01 14:01 EDT
Output:
----------------------------------------------------------
cold_instance=0 allocations=1 bytes=853104 create_ns=1207000
cold_instance=1 allocations=1 bytes=853104 create_ns=1206000
cold_process_cases=1 barrier_started_instances=2 boundaries_per_instance=9
<source>/tests/cpu/test_cold.c:22:cold_concurrent_lifecycle:PASS

-----------------------
1 Tests 0 Failures 0 Ignored 
OK
<end of output>
Test time =   0.01 sec
----------------------------------------------------------
Test Passed.
"cpu_cold_5" end time: Oct 01 14:01 EDT
"cpu_cold_5" time elapsed: 00:00:00
----------------------------------------------------------

11/25 Testing: cpu_cold_6
11/25 Test: cpu_cold_6
Command: "<source>/build/cpu/experiments/cpu/cpu_cold"
Directory: <source>/build/cpu/experiments/cpu
"cpu_cold_6" start time: Oct 01 14:01 EDT
Output:
----------------------------------------------------------
cold_instance=0 allocations=1 bytes=853104 create_ns=1189000
cold_instance=1 allocations=1 bytes=853104 create_ns=1191000
cold_process_cases=1 barrier_started_instances=2 boundaries_per_instance=9
<source>/tests/cpu/test_cold.c:22:cold_concurrent_lifecycle:PASS

-----------------------
1 Tests 0 Failures 0 Ignored 
OK
<end of output>
Test time =   0.01 sec
----------------------------------------------------------
Test Passed.
"cpu_cold_6" end time: Oct 01 14:01 EDT
"cpu_cold_6" time elapsed: 00:00:00
----------------------------------------------------------

12/25 Testing: cpu_cold_7
12/25 Test: cpu_cold_7
Command: "<source>/build/cpu/experiments/cpu/cpu_cold"
Directory: <source>/build/cpu/experiments/cpu
"cpu_cold_7" start time: Oct 01 14:01 EDT
Output:
----------------------------------------------------------
cold_instance=0 allocations=1 bytes=853104 create_ns=1206000
cold_instance=1 allocations=1 bytes=853104 create_ns=1206000
cold_process_cases=1 barrier_started_instances=2 boundaries_per_instance=9
<source>/tests/cpu/test_cold.c:22:cold_concurrent_lifecycle:PASS

-----------------------
1 Tests 0 Failures 0 Ignored 
OK
<end of output>
Test time =   0.01 sec
----------------------------------------------------------
Test Passed.
"cpu_cold_7" end time: Oct 01 14:01 EDT
"cpu_cold_7" time elapsed: 00:00:00
----------------------------------------------------------

13/25 Testing: cpu_cold_8
13/25 Test: cpu_cold_8
Command: "<source>/build/cpu/experiments/cpu/cpu_cold"
Directory: <source>/build/cpu/experiments/cpu
"cpu_cold_8" start time: Oct 01 14:01 EDT
Output:
----------------------------------------------------------
cold_instance=0 allocations=1 bytes=853104 create_ns=1269000
cold_instance=1 allocations=1 bytes=853104 create_ns=1223000
cold_process_cases=1 barrier_started_instances=2 boundaries_per_instance=9
<source>/tests/cpu/test_cold.c:22:cold_concurrent_lifecycle:PASS

-----------------------
1 Tests 0 Failures 0 Ignored 
OK
<end of output>
Test time =   0.01 sec
----------------------------------------------------------
Test Passed.
"cpu_cold_8" end time: Oct 01 14:01 EDT
"cpu_cold_8" time elapsed: 00:00:00
----------------------------------------------------------

14/25 Testing: cpu_cold_9
14/25 Test: cpu_cold_9
Command: "<source>/build/cpu/experiments/cpu/cpu_cold"
Directory: <source>/build/cpu/experiments/cpu
"cpu_cold_9" start time: Oct 01 14:01 EDT
Output:
----------------------------------------------------------
cold_instance=0 allocations=1 bytes=853104 create_ns=1216000
cold_instance=1 allocations=1 bytes=853104 create_ns=1220000
cold_process_cases=1 barrier_started_instances=2 boundaries_per_instance=9
<source>/tests/cpu/test_cold.c:22:cold_concurrent_lifecycle:PASS

-----------------------
1 Tests 0 Failures 0 Ignored 
OK
<end of output>
Test time =   0.01 sec
----------------------------------------------------------
Test Passed.
"cpu_cold_9" end time: Oct 01 14:01 EDT
"cpu_cold_9" time elapsed: 00:00:00
----------------------------------------------------------

15/25 Testing: cpu_cold_10
15/25 Test: cpu_cold_10
Command: "<source>/build/cpu/experiments/cpu/cpu_cold"
Directory: <source>/build/cpu/experiments/cpu
"cpu_cold_10" start time: Oct 01 14:01 EDT
Output:
----------------------------------------------------------
cold_instance=0 allocations=1 bytes=853104 create_ns=1193000
cold_instance=1 allocations=1 bytes=853104 create_ns=1207000
cold_process_cases=1 barrier_started_instances=2 boundaries_per_instance=9
<source>/tests/cpu/test_cold.c:22:cold_concurrent_lifecycle:PASS

-----------------------
1 Tests 0 Failures 0 Ignored 
OK
<end of output>
Test time =   0.01 sec
----------------------------------------------------------
Test Passed.
"cpu_cold_10" end time: Oct 01 14:01 EDT
"cpu_cold_10" time elapsed: 00:00:00
----------------------------------------------------------

16/25 Testing: cpu_cold_11
16/25 Test: cpu_cold_11
Command: "<source>/build/cpu/experiments/cpu/cpu_cold"
Directory: <source>/build/cpu/experiments/cpu
"cpu_cold_11" start time: Oct 01 14:01 EDT
Output:
----------------------------------------------------------
cold_instance=0 allocations=1 bytes=853104 create_ns=1197000
cold_instance=1 allocations=1 bytes=853104 create_ns=1199000
cold_process_cases=1 barrier_started_instances=2 boundaries_per_instance=9
<source>/tests/cpu/test_cold.c:22:cold_concurrent_lifecycle:PASS

-----------------------
1 Tests 0 Failures 0 Ignored 
OK
<end of output>
Test time =   0.01 sec
----------------------------------------------------------
Test Passed.
"cpu_cold_11" end time: Oct 01 14:01 EDT
"cpu_cold_11" time elapsed: 00:00:00
----------------------------------------------------------

17/25 Testing: cpu_cold_12
17/25 Test: cpu_cold_12
Command: "<source>/build/cpu/experiments/cpu/cpu_cold"
Directory: <source>/build/cpu/experiments/cpu
"cpu_cold_12" start time: Oct 01 14:01 EDT
Output:
----------------------------------------------------------
cold_instance=0 allocations=1 bytes=853104 create_ns=1221000
cold_instance=1 allocations=1 bytes=853104 create_ns=1199000
cold_process_cases=1 barrier_started_instances=2 boundaries_per_instance=9
<source>/tests/cpu/test_cold.c:22:cold_concurrent_lifecycle:PASS

-----------------------
1 Tests 0 Failures 0 Ignored 
OK
<end of output>
Test time =   0.01 sec
----------------------------------------------------------
Test Passed.
"cpu_cold_12" end time: Oct 01 14:01 EDT
"cpu_cold_12" time elapsed: 00:00:00
----------------------------------------------------------

18/25 Testing: cpu_cold_13
18/25 Test: cpu_cold_13
Command: "<source>/build/cpu/experiments/cpu/cpu_cold"
Directory: <source>/build/cpu/experiments/cpu
"cpu_cold_13" start time: Oct 01 14:01 EDT
Output:
----------------------------------------------------------
cold_instance=0 allocations=1 bytes=853104 create_ns=1197000
cold_instance=1 allocations=1 bytes=853104 create_ns=1200000
cold_process_cases=1 barrier_started_instances=2 boundaries_per_instance=9
<source>/tests/cpu/test_cold.c:22:cold_concurrent_lifecycle:PASS

-----------------------
1 Tests 0 Failures 0 Ignored 
OK
<end of output>
Test time =   0.01 sec
----------------------------------------------------------
Test Passed.
"cpu_cold_13" end time: Oct 01 14:01 EDT
"cpu_cold_13" time elapsed: 00:00:00
----------------------------------------------------------

19/25 Testing: cpu_cold_14
19/25 Test: cpu_cold_14
Command: "<source>/build/cpu/experiments/cpu/cpu_cold"
Directory: <source>/build/cpu/experiments/cpu
"cpu_cold_14" start time: Oct 01 14:01 EDT
Output:
----------------------------------------------------------
cold_instance=0 allocations=1 bytes=853104 create_ns=1208000
cold_instance=1 allocations=1 bytes=853104 create_ns=1199000
cold_process_cases=1 barrier_started_instances=2 boundaries_per_instance=9
<source>/tests/cpu/test_cold.c:22:cold_concurrent_lifecycle:PASS

-----------------------
1 Tests 0 Failures 0 Ignored 
OK
<end of output>
Test time =   0.01 sec
----------------------------------------------------------
Test Passed.
"cpu_cold_14" end time: Oct 01 14:01 EDT
"cpu_cold_14" time elapsed: 00:00:00
----------------------------------------------------------

20/25 Testing: cpu_cold_15
20/25 Test: cpu_cold_15
Command: "<source>/build/cpu/experiments/cpu/cpu_cold"
Directory: <source>/build/cpu/experiments/cpu
"cpu_cold_15" start time: Oct 01 14:01 EDT
Output:
----------------------------------------------------------
cold_instance=0 allocations=1 bytes=853104 create_ns=1237000
cold_instance=1 allocations=1 bytes=853104 create_ns=1267000
cold_process_cases=1 barrier_started_instances=2 boundaries_per_instance=9
<source>/tests/cpu/test_cold.c:22:cold_concurrent_lifecycle:PASS

-----------------------
1 Tests 0 Failures 0 Ignored 
OK
<end of output>
Test time =   0.01 sec
----------------------------------------------------------
Test Passed.
"cpu_cold_15" end time: Oct 01 14:01 EDT
"cpu_cold_15" time elapsed: 00:00:00
----------------------------------------------------------

21/25 Testing: cpu_cold_16
21/25 Test: cpu_cold_16
Command: "<source>/build/cpu/experiments/cpu/cpu_cold"
Directory: <source>/build/cpu/experiments/cpu
"cpu_cold_16" start time: Oct 01 14:01 EDT
Output:
----------------------------------------------------------
cold_instance=0 allocations=1 bytes=853104 create_ns=1200000
cold_instance=1 allocations=1 bytes=853104 create_ns=1220000
cold_process_cases=1 barrier_started_instances=2 boundaries_per_instance=9
<source>/tests/cpu/test_cold.c:22:cold_concurrent_lifecycle:PASS

-----------------------
1 Tests 0 Failures 0 Ignored 
OK
<end of output>
Test time =   0.01 sec
----------------------------------------------------------
Test Passed.
"cpu_cold_16" end time: Oct 01 14:01 EDT
"cpu_cold_16" time elapsed: 00:00:00
----------------------------------------------------------

22/25 Testing: cpu_guest_negative
22/25 Test: cpu_guest_negative
Command: "<python>" "<source>/tests/cpu/negative.py" "<source>/build/cpu/experiments/cpu/cpu_guest"
Directory: <source>/build/cpu/experiments/cpu
"cpu_guest_negative" start time: Oct 01 14:01 EDT
Output:
----------------------------------------------------------
PASS: executed operand mutation failed the arithmetic/store assertion
<end of output>
Test time =   0.03 sec
----------------------------------------------------------
Test Passed.
"cpu_guest_negative" end time: Oct 01 14:01 EDT
"cpu_guest_negative" time elapsed: 00:00:00
----------------------------------------------------------

23/25 Testing: cpu_closure
23/25 Test: cpu_closure
Command: "<python>" "<source>/tools/cpu/audit.py" "closure" "--receipt" "<source>/build/cpu/experiments/cpu/closure.json"
Directory: <source>/build/cpu/experiments/cpu
"cpu_closure" start time: Oct 01 14:01 EDT
Output:
----------------------------------------------------------
{
  "status": "pass",
  "manifest_sha256": "f43473b31e23c74c5e4e618f138cc636d3295f88f3eb3132227a38f876291133",
  "lanes": [
    {
      "optimization": "NONE",
      "compiler": "Apple clang version 21.0.0 (clang-2100.1.1.101)",
      "archive_members": [
        "__.SYMDEF SORTED",
        "cpu_adapter.c.o",
        "m68kcpu.c.o",
        "m68kops.c.o"
      ],
      "host_imports": [
        "__memset_chk",
        "longjmp",
        "memcpy",
        "setjmp",
        "siglongjmp",
        "sigsetjmp"
      ],
      "translation_units": [
        {
          "source": "experiments/cpu/cpu_adapter.c",
          "preprocessed_sha256": "2c9a1fe87e3d1a745f462eddd1d4e9cf04a5a324c1b98470a638f71b4804090e",
          "function_references": [
            "__assert_rtn",
            "__builtin___memset_chk",
            "__builtin_expect",
            "__builtin_object_size",
            "longjmp",
            "lshift32_safe",
            "m68k_execute",
            "m68k_get_reg",
            "m68k_init",
            "m68k_pulse_reset",
            "m68k_read_memory_16",
            "m68k_read_memory_32",
            "m68k_read_memory_8",
            "m68k_set_cpu_type",
            "m68k_set_irq",
            "m68k_write_memory_16",
            "m68k_write_memory_32",
            "m68k_write_memory_8",
            "m68ki_check_interrupts",
            "m68ki_exception_interrupt",
            "m68ki_fake_push_16",
            "m68ki_fake_push_32",
            "m68ki_get_ea_ix",
            "m68ki_get_ea_pcdi",
            "m68ki_get_ea_pcix",
            "m68ki_init_exception",
            "m68ki_jump",
            "m68ki_jump_vector",
            "m68ki_make_bf",
            "m68ki_push_16",
            "m68ki_push_32",
            "m68ki_read_16_fc",
            "m68ki_read_32_fc",
            "m68ki_read_8_fc",
            "m68ki_read_imm_16",
            "m68ki_read_imm_32",
            "m68ki_set_ccr",
            "m68ki_set_s_flag",
            "m68ki_set_sm_flag",
            "m68ki_set_sm_flag_nosp",
            "m68ki_set_sr_noint",
            "m68ki_stack_frame_0000",
            "m68ki_stack_frame_0001",
            "m68ki_stack_frame_0010",
            "m68ki_stack_frame_1000",
            "m68ki_stack_frame_3word",
            "m68ki_stack_frame_buserr",
            "m68ki_write_16_fc",
            "m68ki_write_32_fc",
            "m68ki_write_8_fc",
            "read_bus",
            "setjmp",
            "siglongjmp",
            "write_bus"
          ]
        },
        {
          "source": "third_party/musashi/m68kcpu.c",
          "preprocessed_sha256": "7ae41b5de578e521642eb9a52e026e1f5f279212530370cf4f4ecddbc6eee5fa",
          "function_references": [
            "__assert_rtn",
            "__builtin_expect",
            "default_bkpt_ack_callback",
            "default_cmpild_instr_callback",
            "default_illg_instr_callback",
            "default_instr_hook_callback",
            "default_int_ack_callback",
            "default_pc_changed_callback",
            "default_reset_instr_callback",
            "default_rte_instr_callback",
            "default_set_fc_callback",
            "default_tas_instr_callback",
            "default_trap_instr_callback",
            "longjmp",
            "lshift32_safe",
            "m68k_read_memory_16",
            "m68k_read_memory_32",
            "m68k_read_memory_8",
            "m68k_set_bkpt_ack_callback",
            "m68k_set_cmpild_instr_callback",
            "m68k_set_cpu_type",
            "m68k_set_fc_callback",
            "m68k_set_illg_instr_callback",
            "m68k_set_instr_hook_callback",
            "m68k_set_int_ack_callback",
            "m68k_set_irq",
            "m68k_set_pc_changed_callback",
            "m68k_set_reset_instr_callback",
            "m68k_set_rte_instr_callback",
            "m68k_set_tas_instr_callback",
            "m68k_set_trap_instr_callback",
            "m68k_write_memory_16",
            "m68k_write_memory_32",
            "m68k_write_memory_8",
            "m68ki_build_opcode_table",
            "m68ki_check_interrupts",
            "m68ki_exception_address_error",
            "m68ki_exception_bus_error",
            "m68ki_exception_interrupt",
            "m68ki_exception_trace",
            "m68ki_fake_push_16",
            "m68ki_fake_push_32",
            "m68ki_get_ea_ix",
            "m68ki_get_ea_pcdi",
            "m68ki_get_ea_pcix",
            "m68ki_init_exception",
            "m68ki_jump",
            "m68ki_jump_vector",
            "m68ki_make_bf",
            "m68ki_push_16",
            "m68ki_push_32",
            "m68ki_read_16_fc",
            "m68ki_read_32_fc",
            "m68ki_read_8_fc",
            "m68ki_read_imm_16",
            "m68ki_read_imm_32",
            "m68ki_set_ccr",
            "m68ki_set_s_flag",
            "m68ki_set_sm_flag",
            "m68ki_set_sm_flag_nosp",
            "m68ki_set_sr_noint",
            "m68ki_set_sr_noint_nosp",
            "m68ki_stack_frame_0000",
            "m68ki_stack_frame_0001",
            "m68ki_stack_frame_0010",
            "m68ki_stack_frame_1000",
            "m68ki_stack_frame_3word",
            "m68ki_stack_frame_buserr",
            "m68ki_write_16_fc",
            "m68ki_write_32_fc",
            "m68ki_write_8_fc",
            "setjmp",
            "siglongjmp",
            "sigsetjmp"
          ]
        },
        {
          "source": "third_party/musashi/m68kops.c",
          "preprocessed_sha256": "c2ef41cf20eb495f0fd61c409eb72ff9e7ef492484a593ae43beef91e64f3cc8",
          "function_references": [
            "OPER_A7_PD_8",
            "OPER_A7_PI_8",
            "OPER_AL_16",
            "OPER_AL_32",
            "OPER_AL_8",
            "OPER_AW_16",
            "OPER_AW_32",
            "OPER_AW_8",
            "OPER_AX_PI_16",
            "OPER_AX_PI_32",
            "OPER_AX_PI_8",
            "OPER_AY_AI_16",
            "OPER_AY_AI_32",
            "OPER_AY_AI_8",
            "OPER_AY_DI_16",
            "OPER_AY_DI_32",
            "OPER_AY_DI_8",
            "OPER_AY_IX_16",
            "OPER_AY_IX_32",
            "OPER_AY_IX_8",
            "OPER_AY_PD_16",
            "OPER_AY_PD_32",
            "OPER_AY_PD_8",
            "OPER_AY_PI_16",
            "OPER_AY_PI_32",
            "OPER_AY_PI_8",
            "OPER_PCDI_16",
            "OPER_PCDI_32",
            "OPER_PCDI_8",
            "OPER_PCIX_16",
            "OPER_PCIX_32",
            "OPER_PCIX_8",
            "__assert_rtn",
            "__builtin_expect",
            "__swbuf",
            "longjmp",
            "lshift32_safe",
            "m68k_op_040fpu0_32",
            "m68k_op_040fpu1_32",
            "m68k_op_1010",
            "m68k_op_1111",
            "m68k_op_abcd_8_mm",
            "m68k_op_abcd_8_mm_ax7",
            "m68k_op_abcd_8_mm_axy7",
            "m68k_op_abcd_8_mm_ay7",
            "m68k_op_abcd_8_rr",
            "m68k_op_add_16_er_a",
            "m68k_op_add_16_er_ai",
            "m68k_op_add_16_er_al",
            "m68k_op_add_16_er_aw",
            "m68k_op_add_16_er_d",
            "m68k_op_add_16_er_di",
            "m68k_op_add_16_er_i",
            "m68k_op_add_16_er_ix",
            "m68k_op_add_16_er_pcdi",
            "m68k_op_add_16_er_pcix",
            "m68k_op_add_16_er_pd",
            "m68k_op_add_16_er_pi",
            "m68k_op_add_16_re_ai",
            "m68k_op_add_16_re_al",
            "m68k_op_add_16_re_aw",
            "m68k_op_add_16_re_di",
            "m68k_op_add_16_re_ix",
            "m68k_op_add_16_re_pd",
            "m68k_op_add_16_re_pi",
            "m68k_op_add_32_er_a",
            "m68k_op_add_32_er_ai",
            "m68k_op_add_32_er_al",
            "m68k_op_add_32_er_aw",
            "m68k_op_add_32_er_d",
            "m68k_op_add_32_er_di",
            "m68k_op_add_32_er_i",
            "m68k_op_add_32_er_ix",
            "m68k_op_add_32_er_pcdi",
            "m68k_op_add_32_er_pcix",
            "m68k_op_add_32_er_pd",
            "m68k_op_add_32_er_pi",
            "m68k_op_add_32_re_ai",
            "m68k_op_add_32_re_al",
            "m68k_op_add_32_re_aw",
            "m68k_op_add_32_re_di",
            "m68k_op_add_32_re_ix",
            "m68k_op_add_32_re_pd",
            "m68k_op_add_32_re_pi",
            "m68k_op_add_8_er_ai",
            "m68k_op_add_8_er_al",
            "m68k_op_add_8_er_aw",
            "m68k_op_add_8_er_d",
            "m68k_op_add_8_er_di",
            "m68k_op_add_8_er_i",
            "m68k_op_add_8_er_ix",
            "m68k_op_add_8_er_pcdi",
            "m68k_op_add_8_er_pcix",
            "m68k_op_add_8_er_pd",
            "m68k_op_add_8_er_pd7",
            "m68k_op_add_8_er_pi",
            "m68k_op_add_8_er_pi7",
            "m68k_op_add_8_re_ai",
            "m68k_op_add_8_re_al",
            "m68k_op_add_8_re_aw",
            "m68k_op_add_8_re_di",
            "m68k_op_add_8_re_ix",
            "m68k_op_add_8_re_pd",
            "m68k_op_add_8_re_pd7",
            "m68k_op_add_8_re_pi",
            "m68k_op_add_8_re_pi7",
            "m68k_op_adda_16_a",
            "m68k_op_adda_16_ai",
            "m68k_op_adda_16_al",
            "m68k_op_adda_16_aw",
            "m68k_op_adda_16_d",
            "m68k_op_adda_16_di",
            "m68k_op_adda_16_i",
            "m68k_op_adda_16_ix",
            "m68k_op_adda_16_pcdi",
            "m68k_op_adda_16_pcix",
            "m68k_op_adda_16_pd",
            "m68k_op_adda_16_pi",
            "m68k_op_adda_32_a",
            "m68k_op_adda_32_ai",
            "m68k_op_adda_32_al",
            "m68k_op_adda_32_aw",
            "m68k_op_adda_32_d",
            "m68k_op_adda_32_di",
            "m68k_op_adda_32_i",
            "m68k_op_adda_32_ix",
            "m68k_op_adda_32_pcdi",
            "m68k_op_adda_32_pcix",
            "m68k_op_adda_32_pd",
            "m68k_op_adda_32_pi",
            "m68k_op_addi_16_ai",
            "m68k_op_addi_16_al",
            "m68k_op_addi_16_aw",
            "m68k_op_addi_16_d",
            "m68k_op_addi_16_di",
            "m68k_op_addi_16_ix",
            "m68k_op_addi_16_pd",
            "m68k_op_addi_16_pi",
            "m68k_op_addi_32_ai",
            "m68k_op_addi_32_al",
            "m68k_op_addi_32_aw",
            "m68k_op_addi_32_d",
            "m68k_op_addi_32_di",
            "m68k_op_addi_32_ix",
            "m68k_op_addi_32_pd",
            "m68k_op_addi_32_pi",
            "m68k_op_addi_8_ai",
            "m68k_op_addi_8_al",
            "m68k_op_addi_8_aw",
            "m68k_op_addi_8_d",
            "m68k_op_addi_8_di",
            "m68k_op_addi_8_ix",
            "m68k_op_addi_8_pd",
            "m68k_op_addi_8_pd7",
            "m68k_op_addi_8_pi",
            "m68k_op_addi_8_pi7",
            "m68k_op_addq_16_a",
            "m68k_op_addq_16_ai",
            "m68k_op_addq_16_al",
            "m68k_op_addq_16_aw",
            "m68k_op_addq_16_d",
            "m68k_op_addq_16_di",
            "m68k_op_addq_16_ix",
            "m68k_op_addq_16_pd",
            "m68k_op_addq_16_pi",
            "m68k_op_addq_32_a",
            "m68k_op_addq_32_ai",
            "m68k_op_addq_32_al",
            "m68k_op_addq_32_aw",
            "m68k_op_addq_32_d",
            "m68k_op_addq_32_di",
            "m68k_op_addq_32_ix",
            "m68k_op_addq_32_pd",
            "m68k_op_addq_32_pi",
            "m68k_op_addq_8_ai",
            "m68k_op_addq_8_al",
            "m68k_op_addq_8_aw",
            "m68k_op_addq_8_d",
            "m68k_op_addq_8_di",
            "m68k_op_addq_8_ix",
            "m68k_op_addq_8_pd",
            "m68k_op_addq_8_pd7",
            "m68k_op_addq_8_pi",
            "m68k_op_addq_8_pi7",
            "m68k_op_addx_16_mm",
            "m68k_op_addx_16_rr",
            "m68k_op_addx_32_mm",
            "m68k_op_addx_32_rr",
            "m68k_op_addx_8_mm",
            "m68k_op_addx_8_mm_ax7",
            "m68k_op_addx_8_mm_axy7",
            "m68k_op_addx_8_mm_ay7",
            "m68k_op_addx_8_rr",
            "m68k_op_and_16_er_ai",
            "m68k_op_and_16_er_al",
            "m68k_op_and_16_er_aw",
            "m68k_op_and_16_er_d",
            "m68k_op_and_16_er_di",
            "m68k_op_and_16_er_i",
            "m68k_op_and_16_er_ix",
            "m68k_op_and_16_er_pcdi",
            "m68k_op_and_16_er_pcix",
            "m68k_op_and_16_er_pd",
            "m68k_op_and_16_er_pi",
            "m68k_op_and_16_re_ai",
            "m68k_op_and_16_re_al",
            "m68k_op_and_16_re_aw",
            "m68k_op_and_16_re_di",
            "m68k_op_and_16_re_ix",
            "m68k_op_and_16_re_pd",
            "m68k_op_and_16_re_pi",
            "m68k_op_and_32_er_ai",
            "m68k_op_and_32_er_al",
            "m68k_op_and_32_er_aw",
            "m68k_op_and_32_er_d",
            "m68k_op_and_32_er_di",
            "m68k_op_and_32_er_i",
            "m68k_op_and_32_er_ix",
            "m68k_op_and_32_er_pcdi",
            "m68k_op_and_32_er_pcix",
            "m68k_op_and_32_er_pd",
            "m68k_op_and_32_er_pi",
            "m68k_op_and_32_re_ai",
            "m68k_op_and_32_re_al",
            "m68k_op_and_32_re_aw",
            "m68k_op_and_32_re_di",
            "m68k_op_and_32_re_ix",
            "m68k_op_and_32_re_pd",
            "m68k_op_and_32_re_pi",
            "m68k_op_and_8_er_ai",
            "m68k_op_and_8_er_al",
            "m68k_op_and_8_er_aw",
            "m68k_op_and_8_er_d",
            "m68k_op_and_8_er_di",
            "m68k_op_and_8_er_i",
            "m68k_op_and_8_er_ix",
            "m68k_op_and_8_er_pcdi",
            "m68k_op_and_8_er_pcix",
            "m68k_op_and_8_er_pd",
            "m68k_op_and_8_er_pd7",
            "m68k_op_and_8_er_pi",
            "m68k_op_and_8_er_pi7",
            "m68k_op_and_8_re_ai",
            "m68k_op_and_8_re_al",
            "m68k_op_and_8_re_aw",
            "m68k_op_and_8_re_di",
            "m68k_op_and_8_re_ix",
            "m68k_op_and_8_re_pd",
            "m68k_op_and_8_re_pd7",
            "m68k_op_and_8_re_pi",
            "m68k_op_and_8_re_pi7",
            "m68k_op_andi_16_ai",
            "m68k_op_andi_16_al",
            "m68k_op_andi_16_aw",
            "m68k_op_andi_16_d",
            "m68k_op_andi_16_di",
            "m68k_op_andi_16_ix",
            "m68k_op_andi_16_pd",
            "m68k_op_andi_16_pi",
            "m68k_op_andi_16_toc",
            "m68k_op_andi_16_tos",
            "m68k_op_andi_32_ai",
            "m68k_op_andi_32_al",
            "m68k_op_andi_32_aw",
            "m68k_op_andi_32_d",
            "m68k_op_andi_32_di",
            "m68k_op_andi_32_ix",
            "m68k_op_andi_32_pd",
            "m68k_op_andi_32_pi",
            "m68k_op_andi_8_ai",
            "m68k_op_andi_8_al",
            "m68k_op_andi_8_aw",
            "m68k_op_andi_8_d",
            "m68k_op_andi_8_di",
            "m68k_op_andi_8_ix",
            "m68k_op_andi_8_pd",
            "m68k_op_andi_8_pd7",
            "m68k_op_andi_8_pi",
            "m68k_op_andi_8_pi7",
            "m68k_op_asl_16_ai",
            "m68k_op_asl_16_al",
            "m68k_op_asl_16_aw",
            "m68k_op_asl_16_di",
            "m68k_op_asl_16_ix",
            "m68k_op_asl_16_pd",
            "m68k_op_asl_16_pi",
            "m68k_op_asl_16_r",
            "m68k_op_asl_16_s",
            "m68k_op_asl_32_r",
            "m68k_op_asl_32_s",
            "m68k_op_asl_8_r",
            "m68k_op_asl_8_s",
            "m68k_op_asr_16_ai",
            "m68k_op_asr_16_al",
            "m68k_op_asr_16_aw",
            "m68k_op_asr_16_di",
            "m68k_op_asr_16_ix",
            "m68k_op_asr_16_pd",
            "m68k_op_asr_16_pi",
            "m68k_op_asr_16_r",
            "m68k_op_asr_16_s",
            "m68k_op_asr_32_r",
            "m68k_op_asr_32_s",
            "m68k_op_asr_8_r",
            "m68k_op_asr_8_s",
            "m68k_op_bcc_16",
            "m68k_op_bcc_32",
            "m68k_op_bcc_8",
            "m68k_op_bchg_32_r_d",
            "m68k_op_bchg_32_s_d",
            "m68k_op_bchg_8_r_ai",
            "m68k_op_bchg_8_r_al",
            "m68k_op_bchg_8_r_aw",
            "m68k_op_bchg_8_r_di",
            "m68k_op_bchg_8_r_ix",
            "m68k_op_bchg_8_r_pd",
            "m68k_op_bchg_8_r_pd7",
            "m68k_op_bchg_8_r_pi",
            "m68k_op_bchg_8_r_pi7",
            "m68k_op_bchg_8_s_ai",
            "m68k_op_bchg_8_s_al",
            "m68k_op_bchg_8_s_aw",
            "m68k_op_bchg_8_s_di",
            "m68k_op_bchg_8_s_ix",
            "m68k_op_bchg_8_s_pd",
            "m68k_op_bchg_8_s_pd7",
            "m68k_op_bchg_8_s_pi",
            "m68k_op_bchg_8_s_pi7",
            "m68k_op_bclr_32_r_d",
            "m68k_op_bclr_32_s_d",
            "m68k_op_bclr_8_r_ai",
            "m68k_op_bclr_8_r_al",
            "m68k_op_bclr_8_r_aw",
            "m68k_op_bclr_8_r_di",
            "m68k_op_bclr_8_r_ix",
            "m68k_op_bclr_8_r_pd",
            "m68k_op_bclr_8_r_pd7",
            "m68k_op_bclr_8_r_pi",
            "m68k_op_bclr_8_r_pi7",
            "m68k_op_bclr_8_s_ai",
            "m68k_op_bclr_8_s_al",
            "m68k_op_bclr_8_s_aw",
            "m68k_op_bclr_8_s_di",
            "m68k_op_bclr_8_s_ix",
            "m68k_op_bclr_8_s_pd",
            "m68k_op_bclr_8_s_pd7",
            "m68k_op_bclr_8_s_pi",
            "m68k_op_bclr_8_s_pi7",
            "m68k_op_bcs_16",
            "m68k_op_bcs_32",
            "m68k_op_bcs_8",
            "m68k_op_beq_16",
            "m68k_op_beq_32",
            "m68k_op_beq_8",
            "m68k_op_bfchg_32_ai",
            "m68k_op_bfchg_32_al",
            "m68k_op_bfchg_32_aw",
            "m68k_op_bfchg_32_d",
            "m68k_op_bfchg_32_di",
            "m68k_op_bfchg_32_ix",
            "m68k_op_bfclr_32_ai",
            "m68k_op_bfclr_32_al",
            "m68k_op_bfclr_32_aw",
            "m68k_op_bfclr_32_d",
            "m68k_op_bfclr_32_di",
            "m68k_op_bfclr_32_ix",
            "m68k_op_bfexts_32_ai",
            "m68k_op_bfexts_32_al",
            "m68k_op_bfexts_32_aw",
            "m68k_op_bfexts_32_d",
            "m68k_op_bfexts_32_di",
            "m68k_op_bfexts_32_ix",
            "m68k_op_bfexts_32_pcdi",
            "m68k_op_bfexts_32_pcix",
            "m68k_op_bfextu_32_ai",
            "m68k_op_bfextu_32_al",
            "m68k_op_bfextu_32_aw",
            "m68k_op_bfextu_32_d",
            "m68k_op_bfextu_32_di",
            "m68k_op_bfextu_32_ix",
            "m68k_op_bfextu_32_pcdi",
            "m68k_op_bfextu_32_pcix",
            "m68k_op_bfffo_32_ai",
            "m68k_op_bfffo_32_al",
            "m68k_op_bfffo_32_aw",
            "m68k_op_bfffo_32_d",
            "m68k_op_bfffo_32_di",
            "m68k_op_bfffo_32_ix",
            "m68k_op_bfffo_32_pcdi",
            "m68k_op_bfffo_32_pcix",
            "m68k_op_bfins_32_ai",
            "m68k_op_bfins_32_al",
            "m68k_op_bfins_32_aw",
            "m68k_op_bfins_32_d",
            "m68k_op_bfins_32_di",
            "m68k_op_bfins_32_ix",
            "m68k_op_bfset_32_ai",
            "m68k_op_bfset_32_al",
            "m68k_op_bfset_32_aw",
            "m68k_op_bfset_32_d",
            "m68k_op_bfset_32_di",
            "m68k_op_bfset_32_ix",
            "m68k_op_bftst_32_ai",
            "m68k_op_bftst_32_al",
            "m68k_op_bftst_32_aw",
            "m68k_op_bftst_32_d",
            "m68k_op_bftst_32_di",
            "m68k_op_bftst_32_ix",
            "m68k_op_bftst_32_pcdi",
            "m68k_op_bftst_32_pcix",
            "m68k_op_bge_16",
            "m68k_op_bge_32",
            "m68k_op_bge_8",
            "m68k_op_bgt_16",
            "m68k_op_bgt_32",
            "m68k_op_bgt_8",
            "m68k_op_bhi_16",
            "m68k_op_bhi_32",
            "m68k_op_bhi_8",
            "m68k_op_bkpt",
            "m68k_op_ble_16",
            "m68k_op_ble_32",
            "m68k_op_ble_8",
            "m68k_op_bls_16",
            "m68k_op_bls_32",
            "m68k_op_bls_8",
            "m68k_op_blt_16",
            "m68k_op_blt_32",
            "m68k_op_blt_8",
            "m68k_op_bmi_16",
            "m68k_op_bmi_32",
            "m68k_op_bmi_8",
            "m68k_op_bne_16",
            "m68k_op_bne_32",
            "m68k_op_bne_8",
            "m68k_op_bpl_16",
            "m68k_op_bpl_32",
            "m68k_op_bpl_8",
            "m68k_op_bra_16",
            "m68k_op_bra_32",
            "m68k_op_bra_8",
            "m68k_op_bset_32_r_d",
            "m68k_op_bset_32_s_d",
            "m68k_op_bset_8_r_ai",
            "m68k_op_bset_8_r_al",
            "m68k_op_bset_8_r_aw",
            "m68k_op_bset_8_r_di",
            "m68k_op_bset_8_r_ix",
            "m68k_op_bset_8_r_pd",
            "m68k_op_bset_8_r_pd7",
            "m68k_op_bset_8_r_pi",
            "m68k_op_bset_8_r_pi7",
            "m68k_op_bset_8_s_ai",
            "m68k_op_bset_8_s_al",
            "m68k_op_bset_8_s_aw",
            "m68k_op_bset_8_s_di",
            "m68k_op_bset_8_s_ix",
            "m68k_op_bset_8_s_pd",
            "m68k_op_bset_8_s_pd7",
            "m68k_op_bset_8_s_pi",
            "m68k_op_bset_8_s_pi7",
            "m68k_op_bsr_16",
            "m68k_op_bsr_32",
            "m68k_op_bsr_8",
            "m68k_op_btst_32_r_d",
            "m68k_op_btst_32_s_d",
            "m68k_op_btst_8_r_ai",
            "m68k_op_btst_8_r_al",
            "m68k_op_btst_8_r_aw",
            "m68k_op_btst_8_r_di",
            "m68k_op_btst_8_r_i",
            "m68k_op_btst_8_r_ix",
            "m68k_op_btst_8_r_pcdi",
            "m68k_op_btst_8_r_pcix",
            "m68k_op_btst_8_r_pd",
            "m68k_op_btst_8_r_pd7",
            "m68k_op_btst_8_r_pi",
            "m68k_op_btst_8_r_pi7",
            "m68k_op_btst_8_s_ai",
            "m68k_op_btst_8_s_al",
            "m68k_op_btst_8_s_aw",
            "m68k_op_btst_8_s_di",
            "m68k_op_btst_8_s_ix",
            "m68k_op_btst_8_s_pcdi",
            "m68k_op_btst_8_s_pcix",
            "m68k_op_btst_8_s_pd",
            "m68k_op_btst_8_s_pd7",
            "m68k_op_btst_8_s_pi",
            "m68k_op_btst_8_s_pi7",
            "m68k_op_bvc_16",
            "m68k_op_bvc_32",
            "m68k_op_bvc_8",
            "m68k_op_bvs_16",
            "m68k_op_bvs_32",
            "m68k_op_bvs_8",
            "m68k_op_callm_32_ai",
            "m68k_op_callm_32_al",
            "m68k_op_callm_32_aw",
            "m68k_op_callm_32_di",
            "m68k_op_callm_32_ix",
            "m68k_op_callm_32_pcdi",
            "m68k_op_callm_32_pcix",
            "m68k_op_cas2_16",
            "m68k_op_cas2_32",
            "m68k_op_cas_16_ai",
            "m68k_op_cas_16_al",
            "m68k_op_cas_16_aw",
            "m68k_op_cas_16_di",
            "m68k_op_cas_16_ix",
            "m68k_op_cas_16_pd",
            "m68k_op_cas_16_pi",
            "m68k_op_cas_32_ai",
            "m68k_op_cas_32_al",
            "m68k_op_cas_32_aw",
            "m68k_op_cas_32_di",
            "m68k_op_cas_32_ix",
            "m68k_op_cas_32_pd",
            "m68k_op_cas_32_pi",
            "m68k_op_cas_8_ai",
            "m68k_op_cas_8_al",
            "m68k_op_cas_8_aw",
            "m68k_op_cas_8_di",
            "m68k_op_cas_8_ix",
            "m68k_op_cas_8_pd",
            "m68k_op_cas_8_pd7",
            "m68k_op_cas_8_pi",
            "m68k_op_cas_8_pi7",
            "m68k_op_chk2cmp2_16_ai",
            "m68k_op_chk2cmp2_16_al",
            "m68k_op_chk2cmp2_16_aw",
            "m68k_op_chk2cmp2_16_di",
            "m68k_op_chk2cmp2_16_ix",
            "m68k_op_chk2cmp2_16_pcdi",
            "m68k_op_chk2cmp2_16_pcix",
            "m68k_op_chk2cmp2_32_ai",
            "m68k_op_chk2cmp2_32_al",
            "m68k_op_chk2cmp2_32_aw",
            "m68k_op_chk2cmp2_32_di",
            "m68k_op_chk2cmp2_32_ix",
            "m68k_op_chk2cmp2_32_pcdi",
            "m68k_op_chk2cmp2_32_pcix",
            "m68k_op_chk2cmp2_8_ai",
            "m68k_op_chk2cmp2_8_al",
            "m68k_op_chk2cmp2_8_aw",
            "m68k_op_chk2cmp2_8_di",
            "m68k_op_chk2cmp2_8_ix",
            "m68k_op_chk2cmp2_8_pcdi",
            "m68k_op_chk2cmp2_8_pcix",
            "m68k_op_chk_16_ai",
            "m68k_op_chk_16_al",
            "m68k_op_chk_16_aw",
            "m68k_op_chk_16_d",
            "m68k_op_chk_16_di",
            "m68k_op_chk_16_i",
            "m68k_op_chk_16_ix",
            "m68k_op_chk_16_pcdi",
            "m68k_op_chk_16_pcix",
            "m68k_op_chk_16_pd",
            "m68k_op_chk_16_pi",
            "m68k_op_chk_32_ai",
            "m68k_op_chk_32_al",
            "m68k_op_chk_32_aw",
            "m68k_op_chk_32_d",
            "m68k_op_chk_32_di",
            "m68k_op_chk_32_i",
            "m68k_op_chk_32_ix",
            "m68k_op_chk_32_pcdi",
            "m68k_op_chk_32_pcix",
            "m68k_op_chk_32_pd",
            "m68k_op_chk_32_pi",
            "m68k_op_clr_16_ai",
            "m68k_op_clr_16_al",
            "m68k_op_clr_16_aw",
            "m68k_op_clr_16_d",
            "m68k_op_clr_16_di",
            "m68k_op_clr_16_ix",
            "m68k_op_clr_16_pd",
            "m68k_op_clr_16_pi",
            "m68k_op_clr_32_ai",
            "m68k_op_clr_32_al",
            "m68k_op_clr_32_aw",
            "m68k_op_clr_32_d",
            "m68k_op_clr_32_di",
            "m68k_op_clr_32_ix",
            "m68k_op_clr_32_pd",
            "m68k_op_clr_32_pi",
            "m68k_op_clr_8_ai",
            "m68k_op_clr_8_al",
            "m68k_op_clr_8_aw",
            "m68k_op_clr_8_d",
            "m68k_op_clr_8_di",
            "m68k_op_clr_8_ix",
            "m68k_op_clr_8_pd",
            "m68k_op_clr_8_pd7",
            "m68k_op_clr_8_pi",
            "m68k_op_clr_8_pi7",
            "m68k_op_cmp_16_a",
            "m68k_op_cmp_16_ai",
            "m68k_op_cmp_16_al",
            "m68k_op_cmp_16_aw",
            "m68k_op_cmp_16_d",
            "m68k_op_cmp_16_di",
            "m68k_op_cmp_16_i",
            "m68k_op_cmp_16_ix",
            "m68k_op_cmp_16_pcdi",
            "m68k_op_cmp_16_pcix",
            "m68k_op_cmp_16_pd",
            "m68k_op_cmp_16_pi",
            "m68k_op_cmp_32_a",
            "m68k_op_cmp_32_ai",
            "m68k_op_cmp_32_al",
            "m68k_op_cmp_32_aw",
            "m68k_op_cmp_32_d",
            "m68k_op_cmp_32_di",
            "m68k_op_cmp_32_i",
            "m68k_op_cmp_32_ix",
            "m68k_op_cmp_32_pcdi",
            "m68k_op_cmp_32_pcix",
            "m68k_op_cmp_32_pd",
            "m68k_op_cmp_32_pi",
            "m68k_op_cmp_8_ai",
            "m68k_op_cmp_8_al",
            "m68k_op_cmp_8_aw",
            "m68k_op_cmp_8_d",
            "m68k_op_cmp_8_di",
            "m68k_op_cmp_8_i",
            "m68k_op_cmp_8_ix",
            "m68k_op_cmp_8_pcdi",
            "m68k_op_cmp_8_pcix",
            "m68k_op_cmp_8_pd",
            "m68k_op_cmp_8_pd7",
            "m68k_op_cmp_8_pi",
            "m68k_op_cmp_8_pi7",
            "m68k_op_cmpa_16_a",
            "m68k_op_cmpa_16_ai",
            "m68k_op_cmpa_16_al",
            "m68k_op_cmpa_16_aw",
            "m68k_op_cmpa_16_d",
            "m68k_op_cmpa_16_di",
            "m68k_op_cmpa_16_i",
            "m68k_op_cmpa_16_ix",
            "m68k_op_cmpa_16_pcdi",
            "m68k_op_cmpa_16_pcix",
            "m68k_op_cmpa_16_pd",
            "m68k_op_cmpa_16_pi",
            "m68k_op_cmpa_32_a",
            "m68k_op_cmpa_32_ai",
            "m68k_op_cmpa_32_al",
            "m68k_op_cmpa_32_aw",
            "m68k_op_cmpa_32_d",
            "m68k_op_cmpa_32_di",
            "m68k_op_cmpa_32_i",
            "m68k_op_cmpa_32_ix",
            "m68k_op_cmpa_32_pcdi",
            "m68k_op_cmpa_32_pcix",
            "m68k_op_cmpa_32_pd",
            "m68k_op_cmpa_32_pi",
            "m68k_op_cmpi_16_ai",
            "m68k_op_cmpi_16_al",
            "m68k_op_cmpi_16_aw",
            "m68k_op_cmpi_16_d",
            "m68k_op_cmpi_16_di",
            "m68k_op_cmpi_16_ix",
            "m68k_op_cmpi_16_pcdi",
            "m68k_op_cmpi_16_pcix",
            "m68k_op_cmpi_16_pd",
            "m68k_op_cmpi_16_pi",
            "m68k_op_cmpi_32_ai",
            "m68k_op_cmpi_32_al",
            "m68k_op_cmpi_32_aw",
            "m68k_op_cmpi_32_d",
            "m68k_op_cmpi_32_di",
            "m68k_op_cmpi_32_ix",
            "m68k_op_cmpi_32_pcdi",
            "m68k_op_cmpi_32_pcix",
            "m68k_op_cmpi_32_pd",
            "m68k_op_cmpi_32_pi",
            "m68k_op_cmpi_8_ai",
            "m68k_op_cmpi_8_al",
            "m68k_op_cmpi_8_aw",
            "m68k_op_cmpi_8_d",
            "m68k_op_cmpi_8_di",
            "m68k_op_cmpi_8_ix",
            "m68k_op_cmpi_8_pcdi",
            "m68k_op_cmpi_8_pcix",
            "m68k_op_cmpi_8_pd",
            "m68k_op_cmpi_8_pd7",
            "m68k_op_cmpi_8_pi",
            "m68k_op_cmpi_8_pi7",
            "m68k_op_cmpm_16",
            "m68k_op_cmpm_32",
            "m68k_op_cmpm_8",
            "m68k_op_cmpm_8_ax7",
            "m68k_op_cmpm_8_axy7",
            "m68k_op_cmpm_8_ay7",
            "m68k_op_cpbcc_32",
            "m68k_op_cpdbcc_32",
            "m68k_op_cpgen_32",
            "m68k_op_cpscc_32",
            "m68k_op_cptrapcc_32",
            "m68k_op_dbcc_16",
            "m68k_op_dbcs_16",
            "m68k_op_dbeq_16",
            "m68k_op_dbf_16",
            "m68k_op_dbge_16",
            "m68k_op_dbgt_16",
            "m68k_op_dbhi_16",
            "m68k_op_dble_16",
            "m68k_op_dbls_16",
            "m68k_op_dblt_16",
            "m68k_op_dbmi_16",
            "m68k_op_dbne_16",
            "m68k_op_dbpl_16",
            "m68k_op_dbt_16",
            "m68k_op_dbvc_16",
            "m68k_op_dbvs_16",
            "m68k_op_divl_32_ai",
            "m68k_op_divl_32_al",
            "m68k_op_divl_32_aw",
            "m68k_op_divl_32_d",
            "m68k_op_divl_32_di",
            "m68k_op_divl_32_i",
            "m68k_op_divl_32_ix",
            "m68k_op_divl_32_pcdi",
            "m68k_op_divl_32_pcix",
            "m68k_op_divl_32_pd",
            "m68k_op_divl_32_pi",
            "m68k_op_divs_16_ai",
            "m68k_op_divs_16_al",
            "m68k_op_divs_16_aw",
            "m68k_op_divs_16_d",
            "m68k_op_divs_16_di",
            "m68k_op_divs_16_i",
            "m68k_op_divs_16_ix",
            "m68k_op_divs_16_pcdi",
            "m68k_op_divs_16_pcix",
            "m68k_op_divs_16_pd",
            "m68k_op_divs_16_pi",
            "m68k_op_divu_16_ai",
            "m68k_op_divu_16_al",
            "m68k_op_divu_16_aw",
            "m68k_op_divu_16_d",
            "m68k_op_divu_16_di",
            "m68k_op_divu_16_i",
            "m68k_op_divu_16_ix",
            "m68k_op_divu_16_pcdi",
            "m68k_op_divu_16_pcix",
            "m68k_op_divu_16_pd",
            "m68k_op_divu_16_pi",
            "m68k_op_eor_16_ai",
            "m68k_op_eor_16_al",
            "m68k_op_eor_16_aw",
            "m68k_op_eor_16_d",
            "m68k_op_eor_16_di",
            "m68k_op_eor_16_ix",
            "m68k_op_eor_16_pd",
            "m68k_op_eor_16_pi",
            "m68k_op_eor_32_ai",
            "m68k_op_eor_32_al",
            "m68k_op_eor_32_aw",
            "m68k_op_eor_32_d",
            "m68k_op_eor_32_di",
            "m68k_op_eor_32_ix",
            "m68k_op_eor_32_pd",
            "m68k_op_eor_32_pi",
            "m68k_op_eor_8_ai",
            "m68k_op_eor_8_al",
            "m68k_op_eor_8_aw",
            "m68k_op_eor_8_d",
            "m68k_op_eor_8_di",
            "m68k_op_eor_8_ix",
            "m68k_op_eor_8_pd",
            "m68k_op_eor_8_pd7",
            "m68k_op_eor_8_pi",
            "m68k_op_eor_8_pi7",
            "m68k_op_eori_16_ai",
            "m68k_op_eori_16_al",
            "m68k_op_eori_16_aw",
            "m68k_op_eori_16_d",
            "m68k_op_eori_16_di",
            "m68k_op_eori_16_ix",
            "m68k_op_eori_16_pd",
            "m68k_op_eori_16_pi",
            "m68k_op_eori_16_toc",
            "m68k_op_eori_16_tos",
            "m68k_op_eori_32_ai",
            "m68k_op_eori_32_al",
            "m68k_op_eori_32_aw",
            "m68k_op_eori_32_d",
            "m68k_op_eori_32_di",
            "m68k_op_eori_32_ix",
            "m68k_op_eori_32_pd",
            "m68k_op_eori_32_pi",
            "m68k_op_eori_8_ai",
            "m68k_op_eori_8_al",
            "m68k_op_eori_8_aw",
            "m68k_op_eori_8_d",
            "m68k_op_eori_8_di",
            "m68k_op_eori_8_ix",
            "m68k_op_eori_8_pd",
            "m68k_op_eori_8_pd7",
            "m68k_op_eori_8_pi",
            "m68k_op_eori_8_pi7",
            "m68k_op_exg_32_aa",
            "m68k_op_exg_32_da",
            "m68k_op_exg_32_dd",
            "m68k_op_ext_16",
            "m68k_op_ext_32",
            "m68k_op_extb_32",
            "m68k_op_illegal",
            "m68k_op_jmp_32_ai",
            "m68k_op_jmp_32_al",
            "m68k_op_jmp_32_aw",
            "m68k_op_jmp_32_di",
            "m68k_op_jmp_32_ix",
            "m68k_op_jmp_32_pcdi",
            "m68k_op_jmp_32_pcix",
            "m68k_op_jsr_32_ai",
            "m68k_op_jsr_32_al",
            "m68k_op_jsr_32_aw",
            "m68k_op_jsr_32_di",
            "m68k_op_jsr_32_ix",
            "m68k_op_jsr_32_pcdi",
            "m68k_op_jsr_32_pcix",
            "m68k_op_lea_32_ai",
            "m68k_op_lea_32_al",
            "m68k_op_lea_32_aw",
            "m68k_op_lea_32_di",
            "m68k_op_lea_32_ix",
            "m68k_op_lea_32_pcdi",
            "m68k_op_lea_32_pcix",
            "m68k_op_link_16",
            "m68k_op_link_16_a7",
            "m68k_op_link_32",
            "m68k_op_link_32_a7",
            "m68k_op_lsl_16_ai",
            "m68k_op_lsl_16_al",
            "m68k_op_lsl_16_aw",
            "m68k_op_lsl_16_di",
            "m68k_op_lsl_16_ix",
            "m68k_op_lsl_16_pd",
            "m68k_op_lsl_16_pi",
            "m68k_op_lsl_16_r",
            "m68k_op_lsl_16_s",
            "m68k_op_lsl_32_r",
            "m68k_op_lsl_32_s",
            "m68k_op_lsl_8_r",
            "m68k_op_lsl_8_s",
            "m68k_op_lsr_16_ai",
            "m68k_op_lsr_16_al",
            "m68k_op_lsr_16_aw",
            "m68k_op_lsr_16_di",
            "m68k_op_lsr_16_ix",
            "m68k_op_lsr_16_pd",
            "m68k_op_lsr_16_pi",
            "m68k_op_lsr_16_r",
            "m68k_op_lsr_16_s",
            "m68k_op_lsr_32_r",
            "m68k_op_lsr_32_s",
            "m68k_op_lsr_8_r",
            "m68k_op_lsr_8_s",
            "m68k_op_move16_32",
            "m68k_op_move_16_ai_a",
            "m68k_op_move_16_ai_ai",
            "m68k_op_move_16_ai_al",
            "m68k_op_move_16_ai_aw",
            "m68k_op_move_16_ai_d",
            "m68k_op_move_16_ai_di",
            "m68k_op_move_16_ai_i",
            "m68k_op_move_16_ai_ix",
            "m68k_op_move_16_ai_pcdi",
            "m68k_op_move_16_ai_pcix",
            "m68k_op_move_16_ai_pd",
            "m68k_op_move_16_ai_pi",
            "m68k_op_move_16_al_a",
            "m68k_op_move_16_al_ai",
            "m68k_op_move_16_al_al",
            "m68k_op_move_16_al_aw",
            "m68k_op_move_16_al_d",
            "m68k_op_move_16_al_di",
            "m68k_op_move_16_al_i",
            "m68k_op_move_16_al_ix",
            "m68k_op_move_16_al_pcdi",
            "m68k_op_move_16_al_pcix",
            "m68k_op_move_16_al_pd",
            "m68k_op_move_16_al_pi",
            "m68k_op_move_16_aw_a",
            "m68k_op_move_16_aw_ai",
            "m68k_op_move_16_aw_al",
            "m68k_op_move_16_aw_aw",
            "m68k_op_move_16_aw_d",
            "m68k_op_move_16_aw_di",
            "m68k_op_move_16_aw_i",
            "m68k_op_move_16_aw_ix",
            "m68k_op_move_16_aw_pcdi",
            "m68k_op_move_16_aw_pcix",
            "m68k_op_move_16_aw_pd",
            "m68k_op_move_16_aw_pi",
            "m68k_op_move_16_d_a",
            "m68k_op_move_16_d_ai",
            "m68k_op_move_16_d_al",
            "m68k_op_move_16_d_aw",
            "m68k_op_move_16_d_d",
            "m68k_op_move_16_d_di",
            "m68k_op_move_16_d_i",
            "m68k_op_move_16_d_ix",
            "m68k_op_move_16_d_pcdi",
            "m68k_op_move_16_d_pcix",
            "m68k_op_move_16_d_pd",
            "m68k_op_move_16_d_pi",
            "m68k_op_move_16_di_a",
            "m68k_op_move_16_di_ai",
            "m68k_op_move_16_di_al",
            "m68k_op_move_16_di_aw",
            "m68k_op_move_16_di_d",
            "m68k_op_move_16_di_di",
            "m68k_op_move_16_di_i",
            "m68k_op_move_16_di_ix",
            "m68k_op_move_16_di_pcdi",
            "m68k_op_move_16_di_pcix",
            "m68k_op_move_16_di_pd",
            "m68k_op_move_16_di_pi",
            "m68k_op_move_16_frc_ai",
            "m68k_op_move_16_frc_al",
            "m68k_op_move_16_frc_aw",
            "m68k_op_move_16_frc_d",
            "m68k_op_move_16_frc_di",
            "m68k_op_move_16_frc_ix",
            "m68k_op_move_16_frc_pd",
            "m68k_op_move_16_frc_pi",
            "m68k_op_move_16_frs_ai",
            "m68k_op_move_16_frs_al",
            "m68k_op_move_16_frs_aw",
            "m68k_op_move_16_frs_d",
            "m68k_op_move_16_frs_di",
            "m68k_op_move_16_frs_ix",
            "m68k_op_move_16_frs_pd",
            "m68k_op_move_16_frs_pi",
            "m68k_op_move_16_ix_a",
            "m68k_op_move_16_ix_ai",
            "m68k_op_move_16_ix_al",
            "m68k_op_move_16_ix_aw",
            "m68k_op_move_16_ix_d",
            "m68k_op_move_16_ix_di",
            "m68k_op_move_16_ix_i",
            "m68k_op_move_16_ix_ix",
            "m68k_op_move_16_ix_pcdi",
            "m68k_op_move_16_ix_pcix",
            "m68k_op_move_16_ix_pd",
            "m68k_op_move_16_ix_pi",
            "m68k_op_move_16_pd_a",
            "m68k_op_move_16_pd_ai",
            "m68k_op_move_16_pd_al",
            "m68k_op_move_16_pd_aw",
            "m68k_op_move_16_pd_d",
            "m68k_op_move_16_pd_di",
            "m68k_op_move_16_pd_i",
            "m68k_op_move_16_pd_ix",
            "m68k_op_move_16_pd_pcdi",
            "m68k_op_move_16_pd_pcix",
            "m68k_op_move_16_pd_pd",
            "m68k_op_move_16_pd_pi",
            "m68k_op_move_16_pi_a",
            "m68k_op_move_16_pi_ai",
            "m68k_op_move_16_pi_al",
            "m68k_op_move_16_pi_aw",
            "m68k_op_move_16_pi_d",
            "m68k_op_move_16_pi_di",
            "m68k_op_move_16_pi_i",
            "m68k_op_move_16_pi_ix",
            "m68k_op_move_16_pi_pcdi",
            "m68k_op_move_16_pi_pcix",
            "m68k_op_move_16_pi_pd",
            "m68k_op_move_16_pi_pi",
            "m68k_op_move_16_toc_ai",
            "m68k_op_move_16_toc_al",
            "m68k_op_move_16_toc_aw",
            "m68k_op_move_16_toc_d",
            "m68k_op_move_16_toc_di",
            "m68k_op_move_16_toc_i",
            "m68k_op_move_16_toc_ix",
            "m68k_op_move_16_toc_pcdi",
            "m68k_op_move_16_toc_pcix",
            "m68k_op_move_16_toc_pd",
            "m68k_op_move_16_toc_pi",
            "m68k_op_move_16_tos_ai",
            "m68k_op_move_16_tos_al",
            "m68k_op_move_16_tos_aw",
            "m68k_op_move_16_tos_d",
            "m68k_op_move_16_tos_di",
            "m68k_op_move_16_tos_i",
            "m68k_op_move_16_tos_ix",
            "m68k_op_move_16_tos_pcdi",
            "m68k_op_move_16_tos_pcix",
            "m68k_op_move_16_tos_pd",
            "m68k_op_move_16_tos_pi",
            "m68k_op_move_32_ai_a",
            "m68k_op_move_32_ai_ai",
            "m68k_op_move_32_ai_al",
            "m68k_op_move_32_ai_aw",
            "m68k_op_move_32_ai_d",
            "m68k_op_move_32_ai_di",
            "m68k_op_move_32_ai_i",
            "m68k_op_move_32_ai_ix",
            "m68k_op_move_32_ai_pcdi",
            "m68k_op_move_32_ai_pcix",
            "m68k_op_move_32_ai_pd",
            "m68k_op_move_32_ai_pi",
            "m68k_op_move_32_al_a",
            "m68k_op_move_32_al_ai",
            "m68k_op_move_32_al_al",
            "m68k_op_move_32_al_aw",
            "m68k_op_move_32_al_d",
            "m68k_op_move_32_al_di",
            "m68k_op_move_32_al_i",
            "m68k_op_move_32_al_ix",
            "m68k_op_move_32_al_pcdi",
            "m68k_op_move_32_al_pcix",
            "m68k_op_move_32_al_pd",
            "m68k_op_move_32_al_pi",
            "m68k_op_move_32_aw_a",
            "m68k_op_move_32_aw_ai",
            "m68k_op_move_32_aw_al",
            "m68k_op_move_32_aw_aw",
            "m68k_op_move_32_aw_d",
            "m68k_op_move_32_aw_di",
            "m68k_op_move_32_aw_i",
            "m68k_op_move_32_aw_ix",
            "m68k_op_move_32_aw_pcdi",
            "m68k_op_move_32_aw_pcix",
            "m68k_op_move_32_aw_pd",
            "m68k_op_move_32_aw_pi",
            "m68k_op_move_32_d_a",
            "m68k_op_move_32_d_ai",
            "m68k_op_move_32_d_al",
            "m68k_op_move_32_d_aw",
            "m68k_op_move_32_d_d",
            "m68k_op_move_32_d_di",
            "m68k_op_move_32_d_i",
            "m68k_op_move_32_d_ix",
            "m68k_op_move_32_d_pcdi",
            "m68k_op_move_32_d_pcix",
            "m68k_op_move_32_d_pd",
            "m68k_op_move_32_d_pi",
            "m68k_op_move_32_di_a",
            "m68k_op_move_32_di_ai",
            "m68k_op_move_32_di_al",
            "m68k_op_move_32_di_aw",
            "m68k_op_move_32_di_d",
            "m68k_op_move_32_di_di",
            "m68k_op_move_32_di_i",
            "m68k_op_move_32_di_ix",
            "m68k_op_move_32_di_pcdi",
            "m68k_op_move_32_di_pcix",
            "m68k_op_move_32_di_pd",
            "m68k_op_move_32_di_pi",
            "m68k_op_move_32_fru",
            "m68k_op_move_32_ix_a",
            "m68k_op_move_32_ix_ai",
            "m68k_op_move_32_ix_al",
            "m68k_op_move_32_ix_aw",
            "m68k_op_move_32_ix_d",
            "m68k_op_move_32_ix_di",
            "m68k_op_move_32_ix_i",
            "m68k_op_move_32_ix_ix",
            "m68k_op_move_32_ix_pcdi",
            "m68k_op_move_32_ix_pcix",
            "m68k_op_move_32_ix_pd",
            "m68k_op_move_32_ix_pi",
            "m68k_op_move_32_pd_a",
            "m68k_op_move_32_pd_ai",
            "m68k_op_move_32_pd_al",
            "m68k_op_move_32_pd_aw",
            "m68k_op_move_32_pd_d",
            "m68k_op_move_32_pd_di",
            "m68k_op_move_32_pd_i",
            "m68k_op_move_32_pd_ix",
            "m68k_op_move_32_pd_pcdi",
            "m68k_op_move_32_pd_pcix",
            "m68k_op_move_32_pd_pd",
            "m68k_op_move_32_pd_pi",
            "m68k_op_move_32_pi_a",
            "m68k_op_move_32_pi_ai",
            "m68k_op_move_32_pi_al",
            "m68k_op_move_32_pi_aw",
            "m68k_op_move_32_pi_d",
            "m68k_op_move_32_pi_di",
            "m68k_op_move_32_pi_i",
            "m68k_op_move_32_pi_ix",
            "m68k_op_move_32_pi_pcdi",
            "m68k_op_move_32_pi_pcix",
            "m68k_op_move_32_pi_pd",
            "m68k_op_move_32_pi_pi",
            "m68k_op_move_32_tou",
            "m68k_op_move_8_ai_ai",
            "m68k_op_move_8_ai_al",
            "m68k_op_move_8_ai_aw",
            "m68k_op_move_8_ai_d",
            "m68k_op_move_8_ai_di",
            "m68k_op_move_8_ai_i",
            "m68k_op_move_8_ai_ix",
            "m68k_op_move_8_ai_pcdi",
            "m68k_op_move_8_ai_pcix",
            "m68k_op_move_8_ai_pd",
            "m68k_op_move_8_ai_pd7",
            "m68k_op_move_8_ai_pi",
            "m68k_op_move_8_ai_pi7",
            "m68k_op_move_8_al_ai",
            "m68k_op_move_8_al_al",
            "m68k_op_move_8_al_aw",
            "m68k_op_move_8_al_d",
            "m68k_op_move_8_al_di",
            "m68k_op_move_8_al_i",
            "m68k_op_move_8_al_ix",
            "m68k_op_move_8_al_pcdi",
            "m68k_op_move_8_al_pcix",
            "m68k_op_move_8_al_pd",
            "m68k_op_move_8_al_pd7",
            "m68k_op_move_8_al_pi",
            "m68k_op_move_8_al_pi7",
            "m68k_op_move_8_aw_ai",
            "m68k_op_move_8_aw_al",
            "m68k_op_move_8_aw_aw",
            "m68k_op_move_8_aw_d",
            "m68k_op_move_8_aw_di",
            "m68k_op_move_8_aw_i",
            "m68k_op_move_8_aw_ix",
            "m68k_op_move_8_aw_pcdi",
            "m68k_op_move_8_aw_pcix",
            "m68k_op_move_8_aw_pd",
            "m68k_op_move_8_aw_pd7",
            "m68k_op_move_8_aw_pi",
            "m68k_op_move_8_aw_pi7",
            "m68k_op_move_8_d_ai",
            "m68k_op_move_8_d_al",
            "m68k_op_move_8_d_aw",
            "m68k_op_move_8_d_d",
            "m68k_op_move_8_d_di",
            "m68k_op_move_8_d_i",
            "m68k_op_move_8_d_ix",
            "m68k_op_move_8_d_pcdi",
            "m68k_op_move_8_d_pcix",
            "m68k_op_move_8_d_pd",
            "m68k_op_move_8_d_pd7",
            "m68k_op_move_8_d_pi",
            "m68k_op_move_8_d_pi7",
            "m68k_op_move_8_di_ai",
            "m68k_op_move_8_di_al",
            "m68k_op_move_8_di_aw",
            "m68k_op_move_8_di_d",
            "m68k_op_move_8_di_di",
            "m68k_op_move_8_di_i",
            "m68k_op_move_8_di_ix",
            "m68k_op_move_8_di_pcdi",
            "m68k_op_move_8_di_pcix",
            "m68k_op_move_8_di_pd",
            "m68k_op_move_8_di_pd7",
            "m68k_op_move_8_di_pi",
            "m68k_op_move_8_di_pi7",
            "m68k_op_move_8_ix_ai",
            "m68k_op_move_8_ix_al",
            "m68k_op_move_8_ix_aw",
            "m68k_op_move_8_ix_d",
            "m68k_op_move_8_ix_di",
            "m68k_op_move_8_ix_i",
            "m68k_op_move_8_ix_ix",
            "m68k_op_move_8_ix_pcdi",
            "m68k_op_move_8_ix_pcix",
            "m68k_op_move_8_ix_pd",
            "m68k_op_move_8_ix_pd7",
            "m68k_op_move_8_ix_pi",
            "m68k_op_move_8_ix_pi7",
            "m68k_op_move_8_pd7_ai",
            "m68k_op_move_8_pd7_al",
            "m68k_op_move_8_pd7_aw",
            "m68k_op_move_8_pd7_d",
            "m68k_op_move_8_pd7_di",
            "m68k_op_move_8_pd7_i",
            "m68k_op_move_8_pd7_ix",
            "m68k_op_move_8_pd7_pcdi",
            "m68k_op_move_8_pd7_pcix",
            "m68k_op_move_8_pd7_pd",
            "m68k_op_move_8_pd7_pd7",
            "m68k_op_move_8_pd7_pi",
            "m68k_op_move_8_pd7_pi7",
            "m68k_op_move_8_pd_ai",
            "m68k_op_move_8_pd_al",
            "m68k_op_move_8_pd_aw",
            "m68k_op_move_8_pd_d",
            "m68k_op_move_8_pd_di",
            "m68k_op_move_8_pd_i",
            "m68k_op_move_8_pd_ix",
            "m68k_op_move_8_pd_pcdi",
            "m68k_op_move_8_pd_pcix",
            "m68k_op_move_8_pd_pd",
            "m68k_op_move_8_pd_pd7",
            "m68k_op_move_8_pd_pi",
            "m68k_op_move_8_pd_pi7",
            "m68k_op_move_8_pi7_ai",
            "m68k_op_move_8_pi7_al",
            "m68k_op_move_8_pi7_aw",
            "m68k_op_move_8_pi7_d",
            "m68k_op_move_8_pi7_di",
            "m68k_op_move_8_pi7_i",
            "m68k_op_move_8_pi7_ix",
            "m68k_op_move_8_pi7_pcdi",
            "m68k_op_move_8_pi7_pcix",
            "m68k_op_move_8_pi7_pd",
            "m68k_op_move_8_pi7_pd7",
            "m68k_op_move_8_pi7_pi",
            "m68k_op_move_8_pi7_pi7",
            "m68k_op_move_8_pi_ai",
            "m68k_op_move_8_pi_al",
            "m68k_op_move_8_pi_aw",
            "m68k_op_move_8_pi_d",
            "m68k_op_move_8_pi_di",
            "m68k_op_move_8_pi_i",
            "m68k_op_move_8_pi_ix",
            "m68k_op_move_8_pi_pcdi",
            "m68k_op_move_8_pi_pcix",
            "m68k_op_move_8_pi_pd",
            "m68k_op_move_8_pi_pd7",
            "m68k_op_move_8_pi_pi",
            "m68k_op_move_8_pi_pi7",
            "m68k_op_movea_16_a",
            "m68k_op_movea_16_ai",
            "m68k_op_movea_16_al",
            "m68k_op_movea_16_aw",
            "m68k_op_movea_16_d",
            "m68k_op_movea_16_di",
            "m68k_op_movea_16_i",
            "m68k_op_movea_16_ix",
            "m68k_op_movea_16_pcdi",
            "m68k_op_movea_16_pcix",
            "m68k_op_movea_16_pd",
            "m68k_op_movea_16_pi",
            "m68k_op_movea_32_a",
            "m68k_op_movea_32_ai",
            "m68k_op_movea_32_al",
            "m68k_op_movea_32_aw",
            "m68k_op_movea_32_d",
            "m68k_op_movea_32_di",
            "m68k_op_movea_32_i",
            "m68k_op_movea_32_ix",
            "m68k_op_movea_32_pcdi",
            "m68k_op_movea_32_pcix",
            "m68k_op_movea_32_pd",
            "m68k_op_movea_32_pi",
            "m68k_op_movec_32_cr",
            "m68k_op_movec_32_rc",
            "m68k_op_movem_16_er_ai",
            "m68k_op_movem_16_er_al",
            "m68k_op_movem_16_er_aw",
            "m68k_op_movem_16_er_di",
            "m68k_op_movem_16_er_ix",
            "m68k_op_movem_16_er_pcdi",
            "m68k_op_movem_16_er_pcix",
            "m68k_op_movem_16_er_pi",
            "m68k_op_movem_16_re_ai",
            "m68k_op_movem_16_re_al",
            "m68k_op_movem_16_re_aw",
            "m68k_op_movem_16_re_di",
            "m68k_op_movem_16_re_ix",
            "m68k_op_movem_16_re_pd",
            "m68k_op_movem_32_er_ai",
            "m68k_op_movem_32_er_al",
            "m68k_op_movem_32_er_aw",
            "m68k_op_movem_32_er_di",
            "m68k_op_movem_32_er_ix",
            "m68k_op_movem_32_er_pcdi",
            "m68k_op_movem_32_er_pcix",
            "m68k_op_movem_32_er_pi",
            "m68k_op_movem_32_re_ai",
            "m68k_op_movem_32_re_al",
            "m68k_op_movem_32_re_aw",
            "m68k_op_movem_32_re_di",
            "m68k_op_movem_32_re_ix",
            "m68k_op_movem_32_re_pd",
            "m68k_op_movep_16_er",
            "m68k_op_movep_16_re",
            "m68k_op_movep_32_er",
            "m68k_op_movep_32_re",
            "m68k_op_moveq_32",
            "m68k_op_moves_16_ai",
            "m68k_op_moves_16_al",
            "m68k_op_moves_16_aw",
            "m68k_op_moves_16_di",
            "m68k_op_moves_16_ix",
            "m68k_op_moves_16_pd",
            "m68k_op_moves_16_pi",
            "m68k_op_moves_32_ai",
            "m68k_op_moves_32_al",
            "m68k_op_moves_32_aw",
            "m68k_op_moves_32_di",
            "m68k_op_moves_32_ix",
            "m68k_op_moves_32_pd",
            "m68k_op_moves_32_pi",
            "m68k_op_moves_8_ai",
            "m68k_op_moves_8_al",
            "m68k_op_moves_8_aw",
            "m68k_op_moves_8_di",
            "m68k_op_moves_8_ix",
            "m68k_op_moves_8_pd",
            "m68k_op_moves_8_pd7",
            "m68k_op_moves_8_pi",
            "m68k_op_moves_8_pi7",
            "m68k_op_mull_32_ai",
            "m68k_op_mull_32_al",
            "m68k_op_mull_32_aw",
            "m68k_op_mull_32_d",
            "m68k_op_mull_32_di",
            "m68k_op_mull_32_i",
            "m68k_op_mull_32_ix",
            "m68k_op_mull_32_pcdi",
            "m68k_op_mull_32_pcix",
            "m68k_op_mull_32_pd",
            "m68k_op_mull_32_pi",
            "m68k_op_muls_16_ai",
            "m68k_op_muls_16_al",
            "m68k_op_muls_16_aw",
            "m68k_op_muls_16_d",
            "m68k_op_muls_16_di",
            "m68k_op_muls_16_i",
            "m68k_op_muls_16_ix",
            "m68k_op_muls_16_pcdi",
            "m68k_op_muls_16_pcix",
            "m68k_op_muls_16_pd",
            "m68k_op_muls_16_pi",
            "m68k_op_mulu_16_ai",
            "m68k_op_mulu_16_al",
            "m68k_op_mulu_16_aw",
            "m68k_op_mulu_16_d",
            "m68k_op_mulu_16_di",
            "m68k_op_mulu_16_i",
            "m68k_op_mulu_16_ix",
            "m68k_op_mulu_16_pcdi",
            "m68k_op_mulu_16_pcix",
            "m68k_op_mulu_16_pd",
            "m68k_op_mulu_16_pi",
            "m68k_op_nbcd_8_ai",
            "m68k_op_nbcd_8_al",
            "m68k_op_nbcd_8_aw",
            "m68k_op_nbcd_8_d",
            "m68k_op_nbcd_8_di",
            "m68k_op_nbcd_8_ix",
            "m68k_op_nbcd_8_pd",
            "m68k_op_nbcd_8_pd7",
            "m68k_op_nbcd_8_pi",
            "m68k_op_nbcd_8_pi7",
            "m68k_op_neg_16_ai",
            "m68k_op_neg_16_al",
            "m68k_op_neg_16_aw",
            "m68k_op_neg_16_d",
            "m68k_op_neg_16_di",
            "m68k_op_neg_16_ix",
            "m68k_op_neg_16_pd",
            "m68k_op_neg_16_pi",
            "m68k_op_neg_32_ai",
            "m68k_op_neg_32_al",
            "m68k_op_neg_32_aw",
            "m68k_op_neg_32_d",
            "m68k_op_neg_32_di",
            "m68k_op_neg_32_ix",
            "m68k_op_neg_32_pd",
            "m68k_op_neg_32_pi",
            "m68k_op_neg_8_ai",
            "m68k_op_neg_8_al",
            "m68k_op_neg_8_aw",
            "m68k_op_neg_8_d",
            "m68k_op_neg_8_di",
            "m68k_op_neg_8_ix",
            "m68k_op_neg_8_pd",
            "m68k_op_neg_8_pd7",
            "m68k_op_neg_8_pi",
            "m68k_op_neg_8_pi7",
            "m68k_op_negx_16_ai",
            "m68k_op_negx_16_al",
            "m68k_op_negx_16_aw",
            "m68k_op_negx_16_d",
            "m68k_op_negx_16_di",
            "m68k_op_negx_16_ix",
            "m68k_op_negx_16_pd",
            "m68k_op_negx_16_pi",
            "m68k_op_negx_32_ai",
            "m68k_op_negx_32_al",
            "m68k_op_negx_32_aw",
            "m68k_op_negx_32_d",
            "m68k_op_negx_32_di",
            "m68k_op_negx_32_ix",
            "m68k_op_negx_32_pd",
            "m68k_op_negx_32_pi",
            "m68k_op_negx_8_ai",
            "m68k_op_negx_8_al",
            "m68k_op_negx_8_aw",
            "m68k_op_negx_8_d",
            "m68k_op_negx_8_di",
            "m68k_op_negx_8_ix",
            "m68k_op_negx_8_pd",
            "m68k_op_negx_8_pd7",
            "m68k_op_negx_8_pi",
            "m68k_op_negx_8_pi7",
            "m68k_op_nop",
            "m68k_op_not_16_ai",
            "m68k_op_not_16_al",
            "m68k_op_not_16_aw",
            "m68k_op_not_16_d",
            "m68k_op_not_16_di",
            "m68k_op_not_16_ix",
            "m68k_op_not_16_pd",
            "m68k_op_not_16_pi",
            "m68k_op_not_32_ai",
            "m68k_op_not_32_al",
            "m68k_op_not_32_aw",
            "m68k_op_not_32_d",
            "m68k_op_not_32_di",
            "m68k_op_not_32_ix",
            "m68k_op_not_32_pd",
            "m68k_op_not_32_pi",
            "m68k_op_not_8_ai",
            "m68k_op_not_8_al",
            "m68k_op_not_8_aw",
            "m68k_op_not_8_d",
            "m68k_op_not_8_di",
            "m68k_op_not_8_ix",
            "m68k_op_not_8_pd",
            "m68k_op_not_8_pd7",
            "m68k_op_not_8_pi",
            "m68k_op_not_8_pi7",
            "m68k_op_or_16_er_ai",
            "m68k_op_or_16_er_al",
            "m68k_op_or_16_er_aw",
            "m68k_op_or_16_er_d",
            "m68k_op_or_16_er_di",
            "m68k_op_or_16_er_i",
            "m68k_op_or_16_er_ix",
            "m68k_op_or_16_er_pcdi",
            "m68k_op_or_16_er_pcix",
            "m68k_op_or_16_er_pd",
            "m68k_op_or_16_er_pi",
            "m68k_op_or_16_re_ai",
            "m68k_op_or_16_re_al",
            "m68k_op_or_16_re_aw",
            "m68k_op_or_16_re_di",
            "m68k_op_or_16_re_ix",
            "m68k_op_or_16_re_pd",
            "m68k_op_or_16_re_pi",
            "m68k_op_or_32_er_ai",
            "m68k_op_or_32_er_al",
            "m68k_op_or_32_er_aw",
            "m68k_op_or_32_er_d",
            "m68k_op_or_32_er_di",
            "m68k_op_or_32_er_i",
            "m68k_op_or_32_er_ix",
            "m68k_op_or_32_er_pcdi",
            "m68k_op_or_32_er_pcix",
            "m68k_op_or_32_er_pd",
            "m68k_op_or_32_er_pi",
            "m68k_op_or_32_re_ai",
            "m68k_op_or_32_re_al",
            "m68k_op_or_32_re_aw",
            "m68k_op_or_32_re_di",
            "m68k_op_or_32_re_ix",
            "m68k_op_or_32_re_pd",
            "m68k_op_or_32_re_pi",
            "m68k_op_or_8_er_ai",
            "m68k_op_or_8_er_al",
            "m68k_op_or_8_er_aw",
            "m68k_op_or_8_er_d",
            "m68k_op_or_8_er_di",
            "m68k_op_or_8_er_i",
            "m68k_op_or_8_er_ix",
            "m68k_op_or_8_er_pcdi",
            "m68k_op_or_8_er_pcix",
            "m68k_op_or_8_er_pd",
            "m68k_op_or_8_er_pd7",
            "m68k_op_or_8_er_pi",
            "m68k_op_or_8_er_pi7",
            "m68k_op_or_8_re_ai",
            "m68k_op_or_8_re_al",
            "m68k_op_or_8_re_aw",
            "m68k_op_or_8_re_di",
            "m68k_op_or_8_re_ix",
            "m68k_op_or_8_re_pd",
            "m68k_op_or_8_re_pd7",
            "m68k_op_or_8_re_pi",
            "m68k_op_or_8_re_pi7",
            "m68k_op_ori_16_ai",
            "m68k_op_ori_16_al",
            "m68k_op_ori_16_aw",
            "m68k_op_ori_16_d",
            "m68k_op_ori_16_di",
            "m68k_op_ori_16_ix",
            "m68k_op_ori_16_pd",
            "m68k_op_ori_16_pi",
            "m68k_op_ori_16_toc",
            "m68k_op_ori_16_tos",
            "m68k_op_ori_32_ai",
            "m68k_op_ori_32_al",
            "m68k_op_ori_32_aw",
            "m68k_op_ori_32_d",
            "m68k_op_ori_32_di",
            "m68k_op_ori_32_ix",
            "m68k_op_ori_32_pd",
            "m68k_op_ori_32_pi",
            "m68k_op_ori_8_ai",
            "m68k_op_ori_8_al",
            "m68k_op_ori_8_aw",
            "m68k_op_ori_8_d",
            "m68k_op_ori_8_di",
            "m68k_op_ori_8_ix",
            "m68k_op_ori_8_pd",
            "m68k_op_ori_8_pd7",
            "m68k_op_ori_8_pi",
            "m68k_op_ori_8_pi7",
            "m68k_op_pack_16_mm",
            "m68k_op_pack_16_mm_ax7",
            "m68k_op_pack_16_mm_axy7",
            "m68k_op_pack_16_mm_ay7",
            "m68k_op_pack_16_rr",
            "m68k_op_pea_32_ai",
            "m68k_op_pea_32_al",
            "m68k_op_pea_32_aw",
            "m68k_op_pea_32_di",
            "m68k_op_pea_32_ix",
            "m68k_op_pea_32_pcdi",
            "m68k_op_pea_32_pcix",
            "m68k_op_pflush_32",
            "m68k_op_pmmu_32",
            "m68k_op_reset",
            "m68k_op_rol_16_ai",
            "m68k_op_rol_16_al",
            "m68k_op_rol_16_aw",
            "m68k_op_rol_16_di",
            "m68k_op_rol_16_ix",
            "m68k_op_rol_16_pd",
            "m68k_op_rol_16_pi",
            "m68k_op_rol_16_r",
            "m68k_op_rol_16_s",
            "m68k_op_rol_32_r",
            "m68k_op_rol_32_s",
            "m68k_op_rol_8_r",
            "m68k_op_rol_8_s",
            "m68k_op_ror_16_ai",
            "m68k_op_ror_16_al",
            "m68k_op_ror_16_aw",
            "m68k_op_ror_16_di",
            "m68k_op_ror_16_ix",
            "m68k_op_ror_16_pd",
            "m68k_op_ror_16_pi",
            "m68k_op_ror_16_r",
            "m68k_op_ror_16_s",
            "m68k_op_ror_32_r",
            "m68k_op_ror_32_s",
            "m68k_op_ror_8_r",
            "m68k_op_ror_8_s",
            "m68k_op_roxl_16_ai",
            "m68k_op_roxl_16_al",
            "m68k_op_roxl_16_aw",
            "m68k_op_roxl_16_di",
            "m68k_op_roxl_16_ix",
            "m68k_op_roxl_16_pd",
            "m68k_op_roxl_16_pi",
            "m68k_op_roxl_16_r",
            "m68k_op_roxl_16_s",
            "m68k_op_roxl_32_r",
            "m68k_op_roxl_32_s",
            "m68k_op_roxl_8_r",
            "m68k_op_roxl_8_s",
            "m68k_op_roxr_16_ai",
            "m68k_op_roxr_16_al",
            "m68k_op_roxr_16_aw",
            "m68k_op_roxr_16_di",
            "m68k_op_roxr_16_ix",
            "m68k_op_roxr_16_pd",
            "m68k_op_roxr_16_pi",
            "m68k_op_roxr_16_r",
            "m68k_op_roxr_16_s",
            "m68k_op_roxr_32_r",
            "m68k_op_roxr_32_s",
            "m68k_op_roxr_8_r",
            "m68k_op_roxr_8_s",
            "m68k_op_rtd_32",
            "m68k_op_rte_32",
            "m68k_op_rtm_32",
            "m68k_op_rtr_32",
            "m68k_op_rts_32",
            "m68k_op_sbcd_8_mm",
            "m68k_op_sbcd_8_mm_ax7",
            "m68k_op_sbcd_8_mm_axy7",
            "m68k_op_sbcd_8_mm_ay7",
            "m68k_op_sbcd_8_rr",
            "m68k_op_scc_8_ai",
            "m68k_op_scc_8_al",
            "m68k_op_scc_8_aw",
            "m68k_op_scc_8_d",
            "m68k_op_scc_8_di",
            "m68k_op_scc_8_ix",
            "m68k_op_scc_8_pd",
            "m68k_op_scc_8_pd7",
            "m68k_op_scc_8_pi",
            "m68k_op_scc_8_pi7",
            "m68k_op_scs_8_ai",
            "m68k_op_scs_8_al",
            "m68k_op_scs_8_aw",
            "m68k_op_scs_8_d",
            "m68k_op_scs_8_di",
            "m68k_op_scs_8_ix",
            "m68k_op_scs_8_pd",
            "m68k_op_scs_8_pd7",
            "m68k_op_scs_8_pi",
            "m68k_op_scs_8_pi7",
            "m68k_op_seq_8_ai",
            "m68k_op_seq_8_al",
            "m68k_op_seq_8_aw",
            "m68k_op_seq_8_d",
            "m68k_op_seq_8_di",
            "m68k_op_seq_8_ix",
            "m68k_op_seq_8_pd",
            "m68k_op_seq_8_pd7",
            "m68k_op_seq_8_pi",
            "m68k_op_seq_8_pi7",
            "m68k_op_sf_8_ai",
            "m68k_op_sf_8_al",
            "m68k_op_sf_8_aw",
            "m68k_op_sf_8_d",
            "m68k_op_sf_8_di",
            "m68k_op_sf_8_ix",
            "m68k_op_sf_8_pd",
            "m68k_op_sf_8_pd7",
            "m68k_op_sf_8_pi",
            "m68k_op_sf_8_pi7",
            "m68k_op_sge_8_ai",
            "m68k_op_sge_8_al",
            "m68k_op_sge_8_aw",
            "m68k_op_sge_8_d",
            "m68k_op_sge_8_di",
            "m68k_op_sge_8_ix",
            "m68k_op_sge_8_pd",
            "m68k_op_sge_8_pd7",
            "m68k_op_sge_8_pi",
            "m68k_op_sge_8_pi7",
            "m68k_op_sgt_8_ai",
            "m68k_op_sgt_8_al",
            "m68k_op_sgt_8_aw",
            "m68k_op_sgt_8_d",
            "m68k_op_sgt_8_di",
            "m68k_op_sgt_8_ix",
            "m68k_op_sgt_8_pd",
            "m68k_op_sgt_8_pd7",
            "m68k_op_sgt_8_pi",
            "m68k_op_sgt_8_pi7",
            "m68k_op_shi_8_ai",
            "m68k_op_shi_8_al",
            "m68k_op_shi_8_aw",
            "m68k_op_shi_8_d",
            "m68k_op_shi_8_di",
            "m68k_op_shi_8_ix",
            "m68k_op_shi_8_pd",
            "m68k_op_shi_8_pd7",
            "m68k_op_shi_8_pi",
            "m68k_op_shi_8_pi7",
            "m68k_op_sle_8_ai",
            "m68k_op_sle_8_al",
            "m68k_op_sle_8_aw",
            "m68k_op_sle_8_d",
            "m68k_op_sle_8_di",
            "m68k_op_sle_8_ix",
            "m68k_op_sle_8_pd",
            "m68k_op_sle_8_pd7",
            "m68k_op_sle_8_pi",
            "m68k_op_sle_8_pi7",
            "m68k_op_sls_8_ai",
            "m68k_op_sls_8_al",
            "m68k_op_sls_8_aw",
            "m68k_op_sls_8_d",
            "m68k_op_sls_8_di",
            "m68k_op_sls_8_ix",
            "m68k_op_sls_8_pd",
            "m68k_op_sls_8_pd7",
            "m68k_op_sls_8_pi",
            "m68k_op_sls_8_pi7",
            "m68k_op_slt_8_ai",
            "m68k_op_slt_8_al",
            "m68k_op_slt_8_aw",
            "m68k_op_slt_8_d",
            "m68k_op_slt_8_di",
            "m68k_op_slt_8_ix",
            "m68k_op_slt_8_pd",
            "m68k_op_slt_8_pd7",
            "m68k_op_slt_8_pi",
            "m68k_op_slt_8_pi7",
            "m68k_op_smi_8_ai",
            "m68k_op_smi_8_al",
            "m68k_op_smi_8_aw",
            "m68k_op_smi_8_d",
            "m68k_op_smi_8_di",
            "m68k_op_smi_8_ix",
            "m68k_op_smi_8_pd",
            "m68k_op_smi_8_pd7",
            "m68k_op_smi_8_pi",
            "m68k_op_smi_8_pi7",
            "m68k_op_sne_8_ai",
            "m68k_op_sne_8_al",
            "m68k_op_sne_8_aw",
            "m68k_op_sne_8_d",
            "m68k_op_sne_8_di",
            "m68k_op_sne_8_ix",
            "m68k_op_sne_8_pd",
            "m68k_op_sne_8_pd7",
            "m68k_op_sne_8_pi",
            "m68k_op_sne_8_pi7",
            "m68k_op_spl_8_ai",
            "m68k_op_spl_8_al",
            "m68k_op_spl_8_aw",
            "m68k_op_spl_8_d",
            "m68k_op_spl_8_di",
            "m68k_op_spl_8_ix",
            "m68k_op_spl_8_pd",
            "m68k_op_spl_8_pd7",
            "m68k_op_spl_8_pi",
            "m68k_op_spl_8_pi7",
            "m68k_op_st_8_ai",
            "m68k_op_st_8_al",
            "m68k_op_st_8_aw",
            "m68k_op_st_8_d",
            "m68k_op_st_8_di",
            "m68k_op_st_8_ix",
            "m68k_op_st_8_pd",
            "m68k_op_st_8_pd7",
            "m68k_op_st_8_pi",
            "m68k_op_st_8_pi7",
            "m68k_op_stop",
            "m68k_op_sub_16_er_a",
            "m68k_op_sub_16_er_ai",
            "m68k_op_sub_16_er_al",
            "m68k_op_sub_16_er_aw",
            "m68k_op_sub_16_er_d",
            "m68k_op_sub_16_er_di",
            "m68k_op_sub_16_er_i",
            "m68k_op_sub_16_er_ix",
            "m68k_op_sub_16_er_pcdi",
            "m68k_op_sub_16_er_pcix",
            "m68k_op_sub_16_er_pd",
            "m68k_op_sub_16_er_pi",
            "m68k_op_sub_16_re_ai",
            "m68k_op_sub_16_re_al",
            "m68k_op_sub_16_re_aw",
            "m68k_op_sub_16_re_di",
            "m68k_op_sub_16_re_ix",
            "m68k_op_sub_16_re_pd",
            "m68k_op_sub_16_re_pi",
            "m68k_op_sub_32_er_a",
            "m68k_op_sub_32_er_ai",
            "m68k_op_sub_32_er_al",
            "m68k_op_sub_32_er_aw",
            "m68k_op_sub_32_er_d",
            "m68k_op_sub_32_er_di",
            "m68k_op_sub_32_er_i",
            "m68k_op_sub_32_er_ix",
            "m68k_op_sub_32_er_pcdi",
            "m68k_op_sub_32_er_pcix",
            "m68k_op_sub_32_er_pd",
            "m68k_op_sub_32_er_pi",
            "m68k_op_sub_32_re_ai",
            "m68k_op_sub_32_re_al",
            "m68k_op_sub_32_re_aw",
            "m68k_op_sub_32_re_di",
            "m68k_op_sub_32_re_ix",
            "m68k_op_sub_32_re_pd",
            "m68k_op_sub_32_re_pi",
            "m68k_op_sub_8_er_ai",
            "m68k_op_sub_8_er_al",
            "m68k_op_sub_8_er_aw",
            "m68k_op_sub_8_er_d",
            "m68k_op_sub_8_er_di",
            "m68k_op_sub_8_er_i",
            "m68k_op_sub_8_er_ix",
            "m68k_op_sub_8_er_pcdi",
            "m68k_op_sub_8_er_pcix",
            "m68k_op_sub_8_er_pd",
            "m68k_op_sub_8_er_pd7",
            "m68k_op_sub_8_er_pi",
            "m68k_op_sub_8_er_pi7",
            "m68k_op_sub_8_re_ai",
            "m68k_op_sub_8_re_al",
            "m68k_op_sub_8_re_aw",
            "m68k_op_sub_8_re_di",
            "m68k_op_sub_8_re_ix",
            "m68k_op_sub_8_re_pd",
            "m68k_op_sub_8_re_pd7",
            "m68k_op_sub_8_re_pi",
            "m68k_op_sub_8_re_pi7",
            "m68k_op_suba_16_a",
            "m68k_op_suba_16_ai",
            "m68k_op_suba_16_al",
            "m68k_op_suba_16_aw",
            "m68k_op_suba_16_d",
            "m68k_op_suba_16_di",
            "m68k_op_suba_16_i",
            "m68k_op_suba_16_ix",
            "m68k_op_suba_16_pcdi",
            "m68k_op_suba_16_pcix",
            "m68k_op_suba_16_pd",
            "m68k_op_suba_16_pi",
            "m68k_op_suba_32_a",
            "m68k_op_suba_32_ai",
            "m68k_op_suba_32_al",
            "m68k_op_suba_32_aw",
            "m68k_op_suba_32_d",
            "m68k_op_suba_32_di",
            "m68k_op_suba_32_i",
            "m68k_op_suba_32_ix",
            "m68k_op_suba_32_pcdi",
            "m68k_op_suba_32_pcix",
            "m68k_op_suba_32_pd",
            "m68k_op_suba_32_pi",
            "m68k_op_subi_16_ai",
            "m68k_op_subi_16_al",
            "m68k_op_subi_16_aw",
            "m68k_op_subi_16_d",
            "m68k_op_subi_16_di",
            "m68k_op_subi_16_ix",
            "m68k_op_subi_16_pd",
            "m68k_op_subi_16_pi",
            "m68k_op_subi_32_ai",
            "m68k_op_subi_32_al",
            "m68k_op_subi_32_aw",
            "m68k_op_subi_32_d",
            "m68k_op_subi_32_di",
            "m68k_op_subi_32_ix",
            "m68k_op_subi_32_pd",
            "m68k_op_subi_32_pi",
            "m68k_op_subi_8_ai",
            "m68k_op_subi_8_al",
            "m68k_op_subi_8_aw",
            "m68k_op_subi_8_d",
            "m68k_op_subi_8_di",
            "m68k_op_subi_8_ix",
            "m68k_op_subi_8_pd",
            "m68k_op_subi_8_pd7",
            "m68k_op_subi_8_pi",
            "m68k_op_subi_8_pi7",
            "m68k_op_subq_16_a",
            "m68k_op_subq_16_ai",
            "m68k_op_subq_16_al",
            "m68k_op_subq_16_aw",
            "m68k_op_subq_16_d",
            "m68k_op_subq_16_di",
            "m68k_op_subq_16_ix",
            "m68k_op_subq_16_pd",
            "m68k_op_subq_16_pi",
            "m68k_op_subq_32_a",
            "m68k_op_subq_32_ai",
            "m68k_op_subq_32_al",
            "m68k_op_subq_32_aw",
            "m68k_op_subq_32_d",
            "m68k_op_subq_32_di",
            "m68k_op_subq_32_ix",
            "m68k_op_subq_32_pd",
            "m68k_op_subq_32_pi",
            "m68k_op_subq_8_ai",
            "m68k_op_subq_8_al",
            "m68k_op_subq_8_aw",
            "m68k_op_subq_8_d",
            "m68k_op_subq_8_di",
            "m68k_op_subq_8_ix",
            "m68k_op_subq_8_pd",
            "m68k_op_subq_8_pd7",
            "m68k_op_subq_8_pi",
            "m68k_op_subq_8_pi7",
            "m68k_op_subx_16_mm",
            "m68k_op_subx_16_rr",
            "m68k_op_subx_32_mm",
            "m68k_op_subx_32_rr",
            "m68k_op_subx_8_mm",
            "m68k_op_subx_8_mm_ax7",
            "m68k_op_subx_8_mm_axy7",
            "m68k_op_subx_8_mm_ay7",
            "m68k_op_subx_8_rr",
            "m68k_op_svc_8_ai",
            "m68k_op_svc_8_al",
            "m68k_op_svc_8_aw",
            "m68k_op_svc_8_d",
            "m68k_op_svc_8_di",
            "m68k_op_svc_8_ix",
            "m68k_op_svc_8_pd",
            "m68k_op_svc_8_pd7",
            "m68k_op_svc_8_pi",
            "m68k_op_svc_8_pi7",
            "m68k_op_svs_8_ai",
            "m68k_op_svs_8_al",
            "m68k_op_svs_8_aw",
            "m68k_op_svs_8_d",
            "m68k_op_svs_8_di",
            "m68k_op_svs_8_ix",
            "m68k_op_svs_8_pd",
            "m68k_op_svs_8_pd7",
            "m68k_op_svs_8_pi",
            "m68k_op_svs_8_pi7",
            "m68k_op_swap_32",
            "m68k_op_tas_8_ai",
            "m68k_op_tas_8_al",
            "m68k_op_tas_8_aw",
            "m68k_op_tas_8_d",
            "m68k_op_tas_8_di",
            "m68k_op_tas_8_ix",
            "m68k_op_tas_8_pd",
            "m68k_op_tas_8_pd7",
            "m68k_op_tas_8_pi",
            "m68k_op_tas_8_pi7",
            "m68k_op_trap",
            "m68k_op_trapcc",
            "m68k_op_trapcc_16",
            "m68k_op_trapcc_32",
            "m68k_op_trapcs",
            "m68k_op_trapcs_16",
            "m68k_op_trapcs_32",
            "m68k_op_trapeq",
            "m68k_op_trapeq_16",
            "m68k_op_trapeq_32",
            "m68k_op_trapf",
            "m68k_op_trapf_16",
            "m68k_op_trapf_32",
            "m68k_op_trapge",
            "m68k_op_trapge_16",
            "m68k_op_trapge_32",
            "m68k_op_trapgt",
            "m68k_op_trapgt_16",
            "m68k_op_trapgt_32",
            "m68k_op_traphi",
            "m68k_op_traphi_16",
            "m68k_op_traphi_32",
            "m68k_op_traple",
            "m68k_op_traple_16",
            "m68k_op_traple_32",
            "m68k_op_trapls",
            "m68k_op_trapls_16",
            "m68k_op_trapls_32",
            "m68k_op_traplt",
            "m68k_op_traplt_16",
            "m68k_op_traplt_32",
            "m68k_op_trapmi",
            "m68k_op_trapmi_16",
            "m68k_op_trapmi_32",
            "m68k_op_trapne",
            "m68k_op_trapne_16",
            "m68k_op_trapne_32",
            "m68k_op_trappl",
            "m68k_op_trappl_16",
            "m68k_op_trappl_32",
            "m68k_op_trapt",
            "m68k_op_trapt_16",
            "m68k_op_trapt_32",
            "m68k_op_trapv",
            "m68k_op_trapvc",
            "m68k_op_trapvc_16",
            "m68k_op_trapvc_32",
            "m68k_op_trapvs",
            "m68k_op_trapvs_16",
            "m68k_op_trapvs_32",
            "m68k_op_tst_16_a",
            "m68k_op_tst_16_ai",
            "m68k_op_tst_16_al",
            "m68k_op_tst_16_aw",
            "m68k_op_tst_16_d",
            "m68k_op_tst_16_di",
            "m68k_op_tst_16_i",
            "m68k_op_tst_16_ix",
            "m68k_op_tst_16_pcdi",
            "m68k_op_tst_16_pcix",
            "m68k_op_tst_16_pd",
            "m68k_op_tst_16_pi",
            "m68k_op_tst_32_a",
            "m68k_op_tst_32_ai",
            "m68k_op_tst_32_al",
            "m68k_op_tst_32_aw",
            "m68k_op_tst_32_d",
            "m68k_op_tst_32_di",
            "m68k_op_tst_32_i",
            "m68k_op_tst_32_ix",
            "m68k_op_tst_32_pcdi",
            "m68k_op_tst_32_pcix",
            "m68k_op_tst_32_pd",
            "m68k_op_tst_32_pi",
            "m68k_op_tst_8_ai",
            "m68k_op_tst_8_al",
            "m68k_op_tst_8_aw",
            "m68k_op_tst_8_d",
            "m68k_op_tst_8_di",
            "m68k_op_tst_8_i",
            "m68k_op_tst_8_ix",
            "m68k_op_tst_8_pcdi",
            "m68k_op_tst_8_pcix",
            "m68k_op_tst_8_pd",
            "m68k_op_tst_8_pd7",
            "m68k_op_tst_8_pi",
            "m68k_op_tst_8_pi7",
            "m68k_op_unlk_32",
            "m68k_op_unlk_32_a7",
            "m68k_op_unpk_16_mm",
            "m68k_op_unpk_16_mm_ax7",
            "m68k_op_unpk_16_mm_axy7",
            "m68k_op_unpk_16_mm_ay7",
            "m68k_op_unpk_16_rr",
            "m68k_read_memory_16",
            "m68k_read_memory_32",
            "m68k_read_memory_8",
            "m68k_write_memory_16",
            "m68k_write_memory_32",
            "m68k_write_memory_8",
            "m68ki_bitfield_patch_ea",
            "m68ki_bitfield_patch_offset",
            "m68ki_branch_16",
            "m68ki_branch_32",
            "m68ki_branch_8",
            "m68ki_check_interrupts",
            "m68ki_exception_1010",
            "m68ki_exception_1111",
            "m68ki_exception_format_error",
            "m68ki_exception_illegal",
            "m68ki_exception_interrupt",
            "m68ki_exception_privilege_violation",
            "m68ki_exception_trap",
            "m68ki_exception_trapN",
            "m68ki_fake_pull_16",
            "m68ki_fake_pull_32",
            "m68ki_fake_push_16",
            "m68ki_fake_push_32",
            "m68ki_get_ea_ix",
            "m68ki_get_ea_pcdi",
            "m68ki_get_ea_pcix",
            "m68ki_init_exception",
            "m68ki_jump",
            "m68ki_jump_vector",
            "m68ki_load_bitfield",
            "m68ki_make_bf",
            "m68ki_pull_16",
            "m68ki_pull_32",
            "m68ki_push_16",
            "m68ki_push_32",
            "m68ki_read_16_fc",
            "m68ki_read_32_fc",
            "m68ki_read_8_fc",
            "m68ki_read_imm_16",
            "m68ki_read_imm_32",
            "m68ki_read_imm_8",
            "m68ki_set_ccr",
            "m68ki_set_s_flag",
            "m68ki_set_sm_flag",
            "m68ki_set_sm_flag_nosp",
            "m68ki_set_sr",
            "m68ki_set_sr_noint",
            "m68ki_stack_frame_0000",
            "m68ki_stack_frame_0001",
            "m68ki_stack_frame_0010",
            "m68ki_stack_frame_1000",
            "m68ki_stack_frame_3word",
            "m68ki_stack_frame_buserr",
            "m68ki_store_bitfield",
            "m68ki_write_16_fc",
            "m68ki_write_32_fc",
            "m68ki_write_8_fc",
            "siglongjmp"
          ]
        }
      ],
      "project_dependencies": [
        "experiments/cpu/cpu_adapter.c",
        "experiments/cpu/cpu_adapter.h",
        "third_party/musashi/m68k.h",
        "third_party/musashi/m68kconf.h",
        "third_party/musashi/m68kcpu.c",
        "third_party/musashi/m68kcpu.h",
        "third_party/musashi/m68kops.c",
        "third_party/musashi/m68kops.h"
      ],
      "compile_dependencies_sha256": "14ec96559efe196a969c7de1944a66c3629cff6813e72852db89e771a660cc30",
      "link_map_sha256": "8399bf142bb4d0a923b546e44bd9c790b1a7700a4b6941e1b88cb275803fe74b"
    },
    {
      "optimization": "RELEASE",
      "compiler": "Apple clang version 21.0.0 (clang-2100.1.1.101)",
      "archive_members": [
        "__.SYMDEF SORTED",
        "cpu_adapter.c.o",
        "m68kcpu.c.o",
        "m68kops.c.o"
      ],
      "host_imports": [
        "bzero",
        "longjmp",
        "memcpy",
        "memset_pattern16",
        "setjmp",
        "siglongjmp",
        "sigsetjmp"
      ],
      "translation_units": [
        {
          "source": "experiments/cpu/cpu_adapter.c",
          "preprocessed_sha256": "2c9a1fe87e3d1a745f462eddd1d4e9cf04a5a324c1b98470a638f71b4804090e",
          "function_references": [
            "__assert_rtn",
            "__builtin___memset_chk",
            "__builtin_expect",
            "__builtin_object_size",
            "longjmp",
            "lshift32_safe",
            "m68k_execute",
            "m68k_get_reg",
            "m68k_init",
            "m68k_pulse_reset",
            "m68k_read_memory_16",
            "m68k_read_memory_32",
            "m68k_read_memory_8",
            "m68k_set_cpu_type",
            "m68k_set_irq",
            "m68k_write_memory_16",
            "m68k_write_memory_32",
            "m68k_write_memory_8",
            "m68ki_check_interrupts",
            "m68ki_exception_interrupt",
            "m68ki_fake_push_16",
            "m68ki_fake_push_32",
            "m68ki_get_ea_ix",
            "m68ki_get_ea_pcdi",
            "m68ki_get_ea_pcix",
            "m68ki_init_exception",
            "m68ki_jump",
            "m68ki_jump_vector",
            "m68ki_make_bf",
            "m68ki_push_16",
            "m68ki_push_32",
            "m68ki_read_16_fc",
            "m68ki_read_32_fc",
            "m68ki_read_8_fc",
            "m68ki_read_imm_16",
            "m68ki_read_imm_32",
            "m68ki_set_ccr",
            "m68ki_set_s_flag",
            "m68ki_set_sm_flag",
            "m68ki_set_sm_flag_nosp",
            "m68ki_set_sr_noint",
            "m68ki_stack_frame_0000",
            "m68ki_stack_frame_0001",
            "m68ki_stack_frame_0010",
            "m68ki_stack_frame_1000",
            "m68ki_stack_frame_3word",
            "m68ki_stack_frame_buserr",
            "m68ki_write_16_fc",
            "m68ki_write_32_fc",
            "m68ki_write_8_fc",
            "read_bus",
            "setjmp",
            "siglongjmp",
            "write_bus"
          ]
        },
        {
          "source": "third_party/musashi/m68kcpu.c",
          "preprocessed_sha256": "7ae41b5de578e521642eb9a52e026e1f5f279212530370cf4f4ecddbc6eee5fa",
          "function_references": [
            "__assert_rtn",
            "__builtin_expect",
            "default_bkpt_ack_callback",
            "default_cmpild_instr_callback",
            "default_illg_instr_callback",
            "default_instr_hook_callback",
            "default_int_ack_callback",
            "default_pc_changed_callback",
            "default_reset_instr_callback",
            "default_rte_instr_callback",
            "default_set_fc_callback",
            "default_tas_instr_callback",
            "default_trap_instr_callback",
            "longjmp",
            "lshift32_safe",
            "m68k_read_memory_16",
            "m68k_read_memory_32",
            "m68k_read_memory_8",
            "m68k_set_bkpt_ack_callback",
            "m68k_set_cmpild_instr_callback",
            "m68k_set_cpu_type",
            "m68k_set_fc_callback",
            "m68k_set_illg_instr_callback",
            "m68k_set_instr_hook_callback",
            "m68k_set_int_ack_callback",
            "m68k_set_irq",
            "m68k_set_pc_changed_callback",
            "m68k_set_reset_instr_callback",
            "m68k_set_rte_instr_callback",
            "m68k_set_tas_instr_callback",
            "m68k_set_trap_instr_callback",
            "m68k_write_memory_16",
            "m68k_write_memory_32",
            "m68k_write_memory_8",
            "m68ki_build_opcode_table",
            "m68ki_check_interrupts",
            "m68ki_exception_address_error",
            "m68ki_exception_bus_error",
            "m68ki_exception_interrupt",
            "m68ki_exception_trace",
            "m68ki_fake_push_16",
            "m68ki_fake_push_32",
            "m68ki_get_ea_ix",
            "m68ki_get_ea_pcdi",
            "m68ki_get_ea_pcix",
            "m68ki_init_exception",
            "m68ki_jump",
            "m68ki_jump_vector",
            "m68ki_make_bf",
            "m68ki_push_16",
            "m68ki_push_32",
            "m68ki_read_16_fc",
            "m68ki_read_32_fc",
            "m68ki_read_8_fc",
            "m68ki_read_imm_16",
            "m68ki_read_imm_32",
            "m68ki_set_ccr",
            "m68ki_set_s_flag",
            "m68ki_set_sm_flag",
            "m68ki_set_sm_flag_nosp",
            "m68ki_set_sr_noint",
            "m68ki_set_sr_noint_nosp",
            "m68ki_stack_frame_0000",
            "m68ki_stack_frame_0001",
            "m68ki_stack_frame_0010",
            "m68ki_stack_frame_1000",
            "m68ki_stack_frame_3word",
            "m68ki_stack_frame_buserr",
            "m68ki_write_16_fc",
            "m68ki_write_32_fc",
            "m68ki_write_8_fc",
            "setjmp",
            "siglongjmp",
            "sigsetjmp"
          ]
        },
        {
          "source": "third_party/musashi/m68kops.c",
          "preprocessed_sha256": "c2ef41cf20eb495f0fd61c409eb72ff9e7ef492484a593ae43beef91e64f3cc8",
          "function_references": [
            "OPER_A7_PD_8",
            "OPER_A7_PI_8",
            "OPER_AL_16",
            "OPER_AL_32",
            "OPER_AL_8",
            "OPER_AW_16",
            "OPER_AW_32",
            "OPER_AW_8",
            "OPER_AX_PI_16",
            "OPER_AX_PI_32",
            "OPER_AX_PI_8",
            "OPER_AY_AI_16",
            "OPER_AY_AI_32",
            "OPER_AY_AI_8",
            "OPER_AY_DI_16",
            "OPER_AY_DI_32",
            "OPER_AY_DI_8",
            "OPER_AY_IX_16",
            "OPER_AY_IX_32",
            "OPER_AY_IX_8",
            "OPER_AY_PD_16",
            "OPER_AY_PD_32",
            "OPER_AY_PD_8",
            "OPER_AY_PI_16",
            "OPER_AY_PI_32",
            "OPER_AY_PI_8",
            "OPER_PCDI_16",
            "OPER_PCDI_32",
            "OPER_PCDI_8",
            "OPER_PCIX_16",
            "OPER_PCIX_32",
            "OPER_PCIX_8",
            "__assert_rtn",
            "__builtin_expect",
            "__swbuf",
            "longjmp",
            "lshift32_safe",
            "m68k_op_040fpu0_32",
            "m68k_op_040fpu1_32",
            "m68k_op_1010",
            "m68k_op_1111",
            "m68k_op_abcd_8_mm",
            "m68k_op_abcd_8_mm_ax7",
            "m68k_op_abcd_8_mm_axy7",
            "m68k_op_abcd_8_mm_ay7",
            "m68k_op_abcd_8_rr",
            "m68k_op_add_16_er_a",
            "m68k_op_add_16_er_ai",
            "m68k_op_add_16_er_al",
            "m68k_op_add_16_er_aw",
            "m68k_op_add_16_er_d",
            "m68k_op_add_16_er_di",
            "m68k_op_add_16_er_i",
            "m68k_op_add_16_er_ix",
            "m68k_op_add_16_er_pcdi",
            "m68k_op_add_16_er_pcix",
            "m68k_op_add_16_er_pd",
            "m68k_op_add_16_er_pi",
            "m68k_op_add_16_re_ai",
            "m68k_op_add_16_re_al",
            "m68k_op_add_16_re_aw",
            "m68k_op_add_16_re_di",
            "m68k_op_add_16_re_ix",
            "m68k_op_add_16_re_pd",
            "m68k_op_add_16_re_pi",
            "m68k_op_add_32_er_a",
            "m68k_op_add_32_er_ai",
            "m68k_op_add_32_er_al",
            "m68k_op_add_32_er_aw",
            "m68k_op_add_32_er_d",
            "m68k_op_add_32_er_di",
            "m68k_op_add_32_er_i",
            "m68k_op_add_32_er_ix",
            "m68k_op_add_32_er_pcdi",
            "m68k_op_add_32_er_pcix",
            "m68k_op_add_32_er_pd",
            "m68k_op_add_32_er_pi",
            "m68k_op_add_32_re_ai",
            "m68k_op_add_32_re_al",
            "m68k_op_add_32_re_aw",
            "m68k_op_add_32_re_di",
            "m68k_op_add_32_re_ix",
            "m68k_op_add_32_re_pd",
            "m68k_op_add_32_re_pi",
            "m68k_op_add_8_er_ai",
            "m68k_op_add_8_er_al",
            "m68k_op_add_8_er_aw",
            "m68k_op_add_8_er_d",
            "m68k_op_add_8_er_di",
            "m68k_op_add_8_er_i",
            "m68k_op_add_8_er_ix",
            "m68k_op_add_8_er_pcdi",
            "m68k_op_add_8_er_pcix",
            "m68k_op_add_8_er_pd",
            "m68k_op_add_8_er_pd7",
            "m68k_op_add_8_er_pi",
            "m68k_op_add_8_er_pi7",
            "m68k_op_add_8_re_ai",
            "m68k_op_add_8_re_al",
            "m68k_op_add_8_re_aw",
            "m68k_op_add_8_re_di",
            "m68k_op_add_8_re_ix",
            "m68k_op_add_8_re_pd",
            "m68k_op_add_8_re_pd7",
            "m68k_op_add_8_re_pi",
            "m68k_op_add_8_re_pi7",
            "m68k_op_adda_16_a",
            "m68k_op_adda_16_ai",
            "m68k_op_adda_16_al",
            "m68k_op_adda_16_aw",
            "m68k_op_adda_16_d",
            "m68k_op_adda_16_di",
            "m68k_op_adda_16_i",
            "m68k_op_adda_16_ix",
            "m68k_op_adda_16_pcdi",
            "m68k_op_adda_16_pcix",
            "m68k_op_adda_16_pd",
            "m68k_op_adda_16_pi",
            "m68k_op_adda_32_a",
            "m68k_op_adda_32_ai",
            "m68k_op_adda_32_al",
            "m68k_op_adda_32_aw",
            "m68k_op_adda_32_d",
            "m68k_op_adda_32_di",
            "m68k_op_adda_32_i",
            "m68k_op_adda_32_ix",
            "m68k_op_adda_32_pcdi",
            "m68k_op_adda_32_pcix",
            "m68k_op_adda_32_pd",
            "m68k_op_adda_32_pi",
            "m68k_op_addi_16_ai",
            "m68k_op_addi_16_al",
            "m68k_op_addi_16_aw",
            "m68k_op_addi_16_d",
            "m68k_op_addi_16_di",
            "m68k_op_addi_16_ix",
            "m68k_op_addi_16_pd",
            "m68k_op_addi_16_pi",
            "m68k_op_addi_32_ai",
            "m68k_op_addi_32_al",
            "m68k_op_addi_32_aw",
            "m68k_op_addi_32_d",
            "m68k_op_addi_32_di",
            "m68k_op_addi_32_ix",
            "m68k_op_addi_32_pd",
            "m68k_op_addi_32_pi",
            "m68k_op_addi_8_ai",
            "m68k_op_addi_8_al",
            "m68k_op_addi_8_aw",
            "m68k_op_addi_8_d",
            "m68k_op_addi_8_di",
            "m68k_op_addi_8_ix",
            "m68k_op_addi_8_pd",
            "m68k_op_addi_8_pd7",
            "m68k_op_addi_8_pi",
            "m68k_op_addi_8_pi7",
            "m68k_op_addq_16_a",
            "m68k_op_addq_16_ai",
            "m68k_op_addq_16_al",
            "m68k_op_addq_16_aw",
            "m68k_op_addq_16_d",
            "m68k_op_addq_16_di",
            "m68k_op_addq_16_ix",
            "m68k_op_addq_16_pd",
            "m68k_op_addq_16_pi",
            "m68k_op_addq_32_a",
            "m68k_op_addq_32_ai",
            "m68k_op_addq_32_al",
            "m68k_op_addq_32_aw",
            "m68k_op_addq_32_d",
            "m68k_op_addq_32_di",
            "m68k_op_addq_32_ix",
            "m68k_op_addq_32_pd",
            "m68k_op_addq_32_pi",
            "m68k_op_addq_8_ai",
            "m68k_op_addq_8_al",
            "m68k_op_addq_8_aw",
            "m68k_op_addq_8_d",
            "m68k_op_addq_8_di",
            "m68k_op_addq_8_ix",
            "m68k_op_addq_8_pd",
            "m68k_op_addq_8_pd7",
            "m68k_op_addq_8_pi",
            "m68k_op_addq_8_pi7",
            "m68k_op_addx_16_mm",
            "m68k_op_addx_16_rr",
            "m68k_op_addx_32_mm",
            "m68k_op_addx_32_rr",
            "m68k_op_addx_8_mm",
            "m68k_op_addx_8_mm_ax7",
            "m68k_op_addx_8_mm_axy7",
            "m68k_op_addx_8_mm_ay7",
            "m68k_op_addx_8_rr",
            "m68k_op_and_16_er_ai",
            "m68k_op_and_16_er_al",
            "m68k_op_and_16_er_aw",
            "m68k_op_and_16_er_d",
            "m68k_op_and_16_er_di",
            "m68k_op_and_16_er_i",
            "m68k_op_and_16_er_ix",
            "m68k_op_and_16_er_pcdi",
            "m68k_op_and_16_er_pcix",
            "m68k_op_and_16_er_pd",
            "m68k_op_and_16_er_pi",
            "m68k_op_and_16_re_ai",
            "m68k_op_and_16_re_al",
            "m68k_op_and_16_re_aw",
            "m68k_op_and_16_re_di",
            "m68k_op_and_16_re_ix",
            "m68k_op_and_16_re_pd",
            "m68k_op_and_16_re_pi",
            "m68k_op_and_32_er_ai",
            "m68k_op_and_32_er_al",
            "m68k_op_and_32_er_aw",
            "m68k_op_and_32_er_d",
            "m68k_op_and_32_er_di",
            "m68k_op_and_32_er_i",
            "m68k_op_and_32_er_ix",
            "m68k_op_and_32_er_pcdi",
            "m68k_op_and_32_er_pcix",
            "m68k_op_and_32_er_pd",
            "m68k_op_and_32_er_pi",
            "m68k_op_and_32_re_ai",
            "m68k_op_and_32_re_al",
            "m68k_op_and_32_re_aw",
            "m68k_op_and_32_re_di",
            "m68k_op_and_32_re_ix",
            "m68k_op_and_32_re_pd",
            "m68k_op_and_32_re_pi",
            "m68k_op_and_8_er_ai",
            "m68k_op_and_8_er_al",
            "m68k_op_and_8_er_aw",
            "m68k_op_and_8_er_d",
            "m68k_op_and_8_er_di",
            "m68k_op_and_8_er_i",
            "m68k_op_and_8_er_ix",
            "m68k_op_and_8_er_pcdi",
            "m68k_op_and_8_er_pcix",
            "m68k_op_and_8_er_pd",
            "m68k_op_and_8_er_pd7",
            "m68k_op_and_8_er_pi",
            "m68k_op_and_8_er_pi7",
            "m68k_op_and_8_re_ai",
            "m68k_op_and_8_re_al",
            "m68k_op_and_8_re_aw",
            "m68k_op_and_8_re_di",
            "m68k_op_and_8_re_ix",
            "m68k_op_and_8_re_pd",
            "m68k_op_and_8_re_pd7",
            "m68k_op_and_8_re_pi",
            "m68k_op_and_8_re_pi7",
            "m68k_op_andi_16_ai",
            "m68k_op_andi_16_al",
            "m68k_op_andi_16_aw",
            "m68k_op_andi_16_d",
            "m68k_op_andi_16_di",
            "m68k_op_andi_16_ix",
            "m68k_op_andi_16_pd",
            "m68k_op_andi_16_pi",
            "m68k_op_andi_16_toc",
            "m68k_op_andi_16_tos",
            "m68k_op_andi_32_ai",
            "m68k_op_andi_32_al",
            "m68k_op_andi_32_aw",
            "m68k_op_andi_32_d",
            "m68k_op_andi_32_di",
            "m68k_op_andi_32_ix",
            "m68k_op_andi_32_pd",
            "m68k_op_andi_32_pi",
            "m68k_op_andi_8_ai",
            "m68k_op_andi_8_al",
            "m68k_op_andi_8_aw",
            "m68k_op_andi_8_d",
            "m68k_op_andi_8_di",
            "m68k_op_andi_8_ix",
            "m68k_op_andi_8_pd",
            "m68k_op_andi_8_pd7",
            "m68k_op_andi_8_pi",
            "m68k_op_andi_8_pi7",
            "m68k_op_asl_16_ai",
            "m68k_op_asl_16_al",
            "m68k_op_asl_16_aw",
            "m68k_op_asl_16_di",
            "m68k_op_asl_16_ix",
            "m68k_op_asl_16_pd",
            "m68k_op_asl_16_pi",
            "m68k_op_asl_16_r",
            "m68k_op_asl_16_s",
            "m68k_op_asl_32_r",
            "m68k_op_asl_32_s",
            "m68k_op_asl_8_r",
            "m68k_op_asl_8_s",
            "m68k_op_asr_16_ai",
            "m68k_op_asr_16_al",
            "m68k_op_asr_16_aw",
            "m68k_op_asr_16_di",
            "m68k_op_asr_16_ix",
            "m68k_op_asr_16_pd",
            "m68k_op_asr_16_pi",
            "m68k_op_asr_16_r",
            "m68k_op_asr_16_s",
            "m68k_op_asr_32_r",
            "m68k_op_asr_32_s",
            "m68k_op_asr_8_r",
            "m68k_op_asr_8_s",
            "m68k_op_bcc_16",
            "m68k_op_bcc_32",
            "m68k_op_bcc_8",
            "m68k_op_bchg_32_r_d",
            "m68k_op_bchg_32_s_d",
            "m68k_op_bchg_8_r_ai",
            "m68k_op_bchg_8_r_al",
            "m68k_op_bchg_8_r_aw",
            "m68k_op_bchg_8_r_di",
            "m68k_op_bchg_8_r_ix",
            "m68k_op_bchg_8_r_pd",
            "m68k_op_bchg_8_r_pd7",
            "m68k_op_bchg_8_r_pi",
            "m68k_op_bchg_8_r_pi7",
            "m68k_op_bchg_8_s_ai",
            "m68k_op_bchg_8_s_al",
            "m68k_op_bchg_8_s_aw",
            "m68k_op_bchg_8_s_di",
            "m68k_op_bchg_8_s_ix",
            "m68k_op_bchg_8_s_pd",
            "m68k_op_bchg_8_s_pd7",
            "m68k_op_bchg_8_s_pi",
            "m68k_op_bchg_8_s_pi7",
            "m68k_op_bclr_32_r_d",
            "m68k_op_bclr_32_s_d",
            "m68k_op_bclr_8_r_ai",
            "m68k_op_bclr_8_r_al",
            "m68k_op_bclr_8_r_aw",
            "m68k_op_bclr_8_r_di",
            "m68k_op_bclr_8_r_ix",
            "m68k_op_bclr_8_r_pd",
            "m68k_op_bclr_8_r_pd7",
            "m68k_op_bclr_8_r_pi",
            "m68k_op_bclr_8_r_pi7",
            "m68k_op_bclr_8_s_ai",
            "m68k_op_bclr_8_s_al",
            "m68k_op_bclr_8_s_aw",
            "m68k_op_bclr_8_s_di",
            "m68k_op_bclr_8_s_ix",
            "m68k_op_bclr_8_s_pd",
            "m68k_op_bclr_8_s_pd7",
            "m68k_op_bclr_8_s_pi",
            "m68k_op_bclr_8_s_pi7",
            "m68k_op_bcs_16",
            "m68k_op_bcs_32",
            "m68k_op_bcs_8",
            "m68k_op_beq_16",
            "m68k_op_beq_32",
            "m68k_op_beq_8",
            "m68k_op_bfchg_32_ai",
            "m68k_op_bfchg_32_al",
            "m68k_op_bfchg_32_aw",
            "m68k_op_bfchg_32_d",
            "m68k_op_bfchg_32_di",
            "m68k_op_bfchg_32_ix",
            "m68k_op_bfclr_32_ai",
            "m68k_op_bfclr_32_al",
            "m68k_op_bfclr_32_aw",
            "m68k_op_bfclr_32_d",
            "m68k_op_bfclr_32_di",
            "m68k_op_bfclr_32_ix",
            "m68k_op_bfexts_32_ai",
            "m68k_op_bfexts_32_al",
            "m68k_op_bfexts_32_aw",
            "m68k_op_bfexts_32_d",
            "m68k_op_bfexts_32_di",
            "m68k_op_bfexts_32_ix",
            "m68k_op_bfexts_32_pcdi",
            "m68k_op_bfexts_32_pcix",
            "m68k_op_bfextu_32_ai",
            "m68k_op_bfextu_32_al",
            "m68k_op_bfextu_32_aw",
            "m68k_op_bfextu_32_d",
            "m68k_op_bfextu_32_di",
            "m68k_op_bfextu_32_ix",
            "m68k_op_bfextu_32_pcdi",
            "m68k_op_bfextu_32_pcix",
            "m68k_op_bfffo_32_ai",
            "m68k_op_bfffo_32_al",
            "m68k_op_bfffo_32_aw",
            "m68k_op_bfffo_32_d",
            "m68k_op_bfffo_32_di",
            "m68k_op_bfffo_32_ix",
            "m68k_op_bfffo_32_pcdi",
            "m68k_op_bfffo_32_pcix",
            "m68k_op_bfins_32_ai",
            "m68k_op_bfins_32_al",
            "m68k_op_bfins_32_aw",
            "m68k_op_bfins_32_d",
            "m68k_op_bfins_32_di",
            "m68k_op_bfins_32_ix",
            "m68k_op_bfset_32_ai",
            "m68k_op_bfset_32_al",
            "m68k_op_bfset_32_aw",
            "m68k_op_bfset_32_d",
            "m68k_op_bfset_32_di",
            "m68k_op_bfset_32_ix",
            "m68k_op_bftst_32_ai",
            "m68k_op_bftst_32_al",
            "m68k_op_bftst_32_aw",
            "m68k_op_bftst_32_d",
            "m68k_op_bftst_32_di",
            "m68k_op_bftst_32_ix",
            "m68k_op_bftst_32_pcdi",
            "m68k_op_bftst_32_pcix",
            "m68k_op_bge_16",
            "m68k_op_bge_32",
            "m68k_op_bge_8",
            "m68k_op_bgt_16",
            "m68k_op_bgt_32",
            "m68k_op_bgt_8",
            "m68k_op_bhi_16",
            "m68k_op_bhi_32",
            "m68k_op_bhi_8",
            "m68k_op_bkpt",
            "m68k_op_ble_16",
            "m68k_op_ble_32",
            "m68k_op_ble_8",
            "m68k_op_bls_16",
            "m68k_op_bls_32",
            "m68k_op_bls_8",
            "m68k_op_blt_16",
            "m68k_op_blt_32",
            "m68k_op_blt_8",
            "m68k_op_bmi_16",
            "m68k_op_bmi_32",
            "m68k_op_bmi_8",
            "m68k_op_bne_16",
            "m68k_op_bne_32",
            "m68k_op_bne_8",
            "m68k_op_bpl_16",
            "m68k_op_bpl_32",
            "m68k_op_bpl_8",
            "m68k_op_bra_16",
            "m68k_op_bra_32",
            "m68k_op_bra_8",
            "m68k_op_bset_32_r_d",
            "m68k_op_bset_32_s_d",
            "m68k_op_bset_8_r_ai",
            "m68k_op_bset_8_r_al",
            "m68k_op_bset_8_r_aw",
            "m68k_op_bset_8_r_di",
            "m68k_op_bset_8_r_ix",
            "m68k_op_bset_8_r_pd",
            "m68k_op_bset_8_r_pd7",
            "m68k_op_bset_8_r_pi",
            "m68k_op_bset_8_r_pi7",
            "m68k_op_bset_8_s_ai",
            "m68k_op_bset_8_s_al",
            "m68k_op_bset_8_s_aw",
            "m68k_op_bset_8_s_di",
            "m68k_op_bset_8_s_ix",
            "m68k_op_bset_8_s_pd",
            "m68k_op_bset_8_s_pd7",
            "m68k_op_bset_8_s_pi",
            "m68k_op_bset_8_s_pi7",
            "m68k_op_bsr_16",
            "m68k_op_bsr_32",
            "m68k_op_bsr_8",
            "m68k_op_btst_32_r_d",
            "m68k_op_btst_32_s_d",
            "m68k_op_btst_8_r_ai",
            "m68k_op_btst_8_r_al",
            "m68k_op_btst_8_r_aw",
            "m68k_op_btst_8_r_di",
            "m68k_op_btst_8_r_i",
            "m68k_op_btst_8_r_ix",
            "m68k_op_btst_8_r_pcdi",
            "m68k_op_btst_8_r_pcix",
            "m68k_op_btst_8_r_pd",
            "m68k_op_btst_8_r_pd7",
            "m68k_op_btst_8_r_pi",
            "m68k_op_btst_8_r_pi7",
            "m68k_op_btst_8_s_ai",
            "m68k_op_btst_8_s_al",
            "m68k_op_btst_8_s_aw",
            "m68k_op_btst_8_s_di",
            "m68k_op_btst_8_s_ix",
            "m68k_op_btst_8_s_pcdi",
            "m68k_op_btst_8_s_pcix",
            "m68k_op_btst_8_s_pd",
            "m68k_op_btst_8_s_pd7",
            "m68k_op_btst_8_s_pi",
            "m68k_op_btst_8_s_pi7",
            "m68k_op_bvc_16",
            "m68k_op_bvc_32",
            "m68k_op_bvc_8",
            "m68k_op_bvs_16",
            "m68k_op_bvs_32",
            "m68k_op_bvs_8",
            "m68k_op_callm_32_ai",
            "m68k_op_callm_32_al",
            "m68k_op_callm_32_aw",
            "m68k_op_callm_32_di",
            "m68k_op_callm_32_ix",
            "m68k_op_callm_32_pcdi",
            "m68k_op_callm_32_pcix",
            "m68k_op_cas2_16",
            "m68k_op_cas2_32",
            "m68k_op_cas_16_ai",
            "m68k_op_cas_16_al",
            "m68k_op_cas_16_aw",
            "m68k_op_cas_16_di",
            "m68k_op_cas_16_ix",
            "m68k_op_cas_16_pd",
            "m68k_op_cas_16_pi",
            "m68k_op_cas_32_ai",
            "m68k_op_cas_32_al",
            "m68k_op_cas_32_aw",
            "m68k_op_cas_32_di",
            "m68k_op_cas_32_ix",
            "m68k_op_cas_32_pd",
            "m68k_op_cas_32_pi",
            "m68k_op_cas_8_ai",
            "m68k_op_cas_8_al",
            "m68k_op_cas_8_aw",
            "m68k_op_cas_8_di",
            "m68k_op_cas_8_ix",
            "m68k_op_cas_8_pd",
            "m68k_op_cas_8_pd7",
            "m68k_op_cas_8_pi",
            "m68k_op_cas_8_pi7",
            "m68k_op_chk2cmp2_16_ai",
            "m68k_op_chk2cmp2_16_al",
            "m68k_op_chk2cmp2_16_aw",
            "m68k_op_chk2cmp2_16_di",
            "m68k_op_chk2cmp2_16_ix",
            "m68k_op_chk2cmp2_16_pcdi",
            "m68k_op_chk2cmp2_16_pcix",
            "m68k_op_chk2cmp2_32_ai",
            "m68k_op_chk2cmp2_32_al",
            "m68k_op_chk2cmp2_32_aw",
            "m68k_op_chk2cmp2_32_di",
            "m68k_op_chk2cmp2_32_ix",
            "m68k_op_chk2cmp2_32_pcdi",
            "m68k_op_chk2cmp2_32_pcix",
            "m68k_op_chk2cmp2_8_ai",
            "m68k_op_chk2cmp2_8_al",
            "m68k_op_chk2cmp2_8_aw",
            "m68k_op_chk2cmp2_8_di",
            "m68k_op_chk2cmp2_8_ix",
            "m68k_op_chk2cmp2_8_pcdi",
            "m68k_op_chk2cmp2_8_pcix",
            "m68k_op_chk_16_ai",
            "m68k_op_chk_16_al",
            "m68k_op_chk_16_aw",
            "m68k_op_chk_16_d",
            "m68k_op_chk_16_di",
            "m68k_op_chk_16_i",
            "m68k_op_chk_16_ix",
            "m68k_op_chk_16_pcdi",
            "m68k_op_chk_16_pcix",
            "m68k_op_chk_16_pd",
            "m68k_op_chk_16_pi",
            "m68k_op_chk_32_ai",
            "m68k_op_chk_32_al",
            "m68k_op_chk_32_aw",
            "m68k_op_chk_32_d",
            "m68k_op_chk_32_di",
            "m68k_op_chk_32_i",
            "m68k_op_chk_32_ix",
            "m68k_op_chk_32_pcdi",
            "m68k_op_chk_32_pcix",
            "m68k_op_chk_32_pd",
            "m68k_op_chk_32_pi",
            "m68k_op_clr_16_ai",
            "m68k_op_clr_16_al",
            "m68k_op_clr_16_aw",
            "m68k_op_clr_16_d",
            "m68k_op_clr_16_di",
            "m68k_op_clr_16_ix",
            "m68k_op_clr_16_pd",
            "m68k_op_clr_16_pi",
            "m68k_op_clr_32_ai",
            "m68k_op_clr_32_al",
            "m68k_op_clr_32_aw",
            "m68k_op_clr_32_d",
            "m68k_op_clr_32_di",
            "m68k_op_clr_32_ix",
            "m68k_op_clr_32_pd",
            "m68k_op_clr_32_pi",
            "m68k_op_clr_8_ai",
            "m68k_op_clr_8_al",
            "m68k_op_clr_8_aw",
            "m68k_op_clr_8_d",
            "m68k_op_clr_8_di",
            "m68k_op_clr_8_ix",
            "m68k_op_clr_8_pd",
            "m68k_op_clr_8_pd7",
            "m68k_op_clr_8_pi",
            "m68k_op_clr_8_pi7",
            "m68k_op_cmp_16_a",
            "m68k_op_cmp_16_ai",
            "m68k_op_cmp_16_al",
            "m68k_op_cmp_16_aw",
            "m68k_op_cmp_16_d",
            "m68k_op_cmp_16_di",
            "m68k_op_cmp_16_i",
            "m68k_op_cmp_16_ix",
            "m68k_op_cmp_16_pcdi",
            "m68k_op_cmp_16_pcix",
            "m68k_op_cmp_16_pd",
            "m68k_op_cmp_16_pi",
            "m68k_op_cmp_32_a",
            "m68k_op_cmp_32_ai",
            "m68k_op_cmp_32_al",
            "m68k_op_cmp_32_aw",
            "m68k_op_cmp_32_d",
            "m68k_op_cmp_32_di",
            "m68k_op_cmp_32_i",
            "m68k_op_cmp_32_ix",
            "m68k_op_cmp_32_pcdi",
            "m68k_op_cmp_32_pcix",
            "m68k_op_cmp_32_pd",
            "m68k_op_cmp_32_pi",
            "m68k_op_cmp_8_ai",
            "m68k_op_cmp_8_al",
            "m68k_op_cmp_8_aw",
            "m68k_op_cmp_8_d",
            "m68k_op_cmp_8_di",
            "m68k_op_cmp_8_i",
            "m68k_op_cmp_8_ix",
            "m68k_op_cmp_8_pcdi",
            "m68k_op_cmp_8_pcix",
            "m68k_op_cmp_8_pd",
            "m68k_op_cmp_8_pd7",
            "m68k_op_cmp_8_pi",
            "m68k_op_cmp_8_pi7",
            "m68k_op_cmpa_16_a",
            "m68k_op_cmpa_16_ai",
            "m68k_op_cmpa_16_al",
            "m68k_op_cmpa_16_aw",
            "m68k_op_cmpa_16_d",
            "m68k_op_cmpa_16_di",
            "m68k_op_cmpa_16_i",
            "m68k_op_cmpa_16_ix",
            "m68k_op_cmpa_16_pcdi",
            "m68k_op_cmpa_16_pcix",
            "m68k_op_cmpa_16_pd",
            "m68k_op_cmpa_16_pi",
            "m68k_op_cmpa_32_a",
            "m68k_op_cmpa_32_ai",
            "m68k_op_cmpa_32_al",
            "m68k_op_cmpa_32_aw",
            "m68k_op_cmpa_32_d",
            "m68k_op_cmpa_32_di",
            "m68k_op_cmpa_32_i",
            "m68k_op_cmpa_32_ix",
            "m68k_op_cmpa_32_pcdi",
            "m68k_op_cmpa_32_pcix",
            "m68k_op_cmpa_32_pd",
            "m68k_op_cmpa_32_pi",
            "m68k_op_cmpi_16_ai",
            "m68k_op_cmpi_16_al",
            "m68k_op_cmpi_16_aw",
            "m68k_op_cmpi_16_d",
            "m68k_op_cmpi_16_di",
            "m68k_op_cmpi_16_ix",
            "m68k_op_cmpi_16_pcdi",
            "m68k_op_cmpi_16_pcix",
            "m68k_op_cmpi_16_pd",
            "m68k_op_cmpi_16_pi",
            "m68k_op_cmpi_32_ai",
            "m68k_op_cmpi_32_al",
            "m68k_op_cmpi_32_aw",
            "m68k_op_cmpi_32_d",
            "m68k_op_cmpi_32_di",
            "m68k_op_cmpi_32_ix",
            "m68k_op_cmpi_32_pcdi",
            "m68k_op_cmpi_32_pcix",
            "m68k_op_cmpi_32_pd",
            "m68k_op_cmpi_32_pi",
            "m68k_op_cmpi_8_ai",
            "m68k_op_cmpi_8_al",
            "m68k_op_cmpi_8_aw",
            "m68k_op_cmpi_8_d",
            "m68k_op_cmpi_8_di",
            "m68k_op_cmpi_8_ix",
            "m68k_op_cmpi_8_pcdi",
            "m68k_op_cmpi_8_pcix",
            "m68k_op_cmpi_8_pd",
            "m68k_op_cmpi_8_pd7",
            "m68k_op_cmpi_8_pi",
            "m68k_op_cmpi_8_pi7",
            "m68k_op_cmpm_16",
            "m68k_op_cmpm_32",
            "m68k_op_cmpm_8",
            "m68k_op_cmpm_8_ax7",
            "m68k_op_cmpm_8_axy7",
            "m68k_op_cmpm_8_ay7",
            "m68k_op_cpbcc_32",
            "m68k_op_cpdbcc_32",
            "m68k_op_cpgen_32",
            "m68k_op_cpscc_32",
            "m68k_op_cptrapcc_32",
            "m68k_op_dbcc_16",
            "m68k_op_dbcs_16",
            "m68k_op_dbeq_16",
            "m68k_op_dbf_16",
            "m68k_op_dbge_16",
            "m68k_op_dbgt_16",
            "m68k_op_dbhi_16",
            "m68k_op_dble_16",
            "m68k_op_dbls_16",
            "m68k_op_dblt_16",
            "m68k_op_dbmi_16",
            "m68k_op_dbne_16",
            "m68k_op_dbpl_16",
            "m68k_op_dbt_16",
            "m68k_op_dbvc_16",
            "m68k_op_dbvs_16",
            "m68k_op_divl_32_ai",
            "m68k_op_divl_32_al",
            "m68k_op_divl_32_aw",
            "m68k_op_divl_32_d",
            "m68k_op_divl_32_di",
            "m68k_op_divl_32_i",
            "m68k_op_divl_32_ix",
            "m68k_op_divl_32_pcdi",
            "m68k_op_divl_32_pcix",
            "m68k_op_divl_32_pd",
            "m68k_op_divl_32_pi",
            "m68k_op_divs_16_ai",
            "m68k_op_divs_16_al",
            "m68k_op_divs_16_aw",
            "m68k_op_divs_16_d",
            "m68k_op_divs_16_di",
            "m68k_op_divs_16_i",
            "m68k_op_divs_16_ix",
            "m68k_op_divs_16_pcdi",
            "m68k_op_divs_16_pcix",
            "m68k_op_divs_16_pd",
            "m68k_op_divs_16_pi",
            "m68k_op_divu_16_ai",
            "m68k_op_divu_16_al",
            "m68k_op_divu_16_aw",
            "m68k_op_divu_16_d",
            "m68k_op_divu_16_di",
            "m68k_op_divu_16_i",
            "m68k_op_divu_16_ix",
            "m68k_op_divu_16_pcdi",
            "m68k_op_divu_16_pcix",
            "m68k_op_divu_16_pd",
            "m68k_op_divu_16_pi",
            "m68k_op_eor_16_ai",
            "m68k_op_eor_16_al",
            "m68k_op_eor_16_aw",
            "m68k_op_eor_16_d",
            "m68k_op_eor_16_di",
            "m68k_op_eor_16_ix",
            "m68k_op_eor_16_pd",
            "m68k_op_eor_16_pi",
            "m68k_op_eor_32_ai",
            "m68k_op_eor_32_al",
            "m68k_op_eor_32_aw",
            "m68k_op_eor_32_d",
            "m68k_op_eor_32_di",
            "m68k_op_eor_32_ix",
            "m68k_op_eor_32_pd",
            "m68k_op_eor_32_pi",
            "m68k_op_eor_8_ai",
            "m68k_op_eor_8_al",
            "m68k_op_eor_8_aw",
            "m68k_op_eor_8_d",
            "m68k_op_eor_8_di",
            "m68k_op_eor_8_ix",
            "m68k_op_eor_8_pd",
            "m68k_op_eor_8_pd7",
            "m68k_op_eor_8_pi",
            "m68k_op_eor_8_pi7",
            "m68k_op_eori_16_ai",
            "m68k_op_eori_16_al",
            "m68k_op_eori_16_aw",
            "m68k_op_eori_16_d",
            "m68k_op_eori_16_di",
            "m68k_op_eori_16_ix",
            "m68k_op_eori_16_pd",
            "m68k_op_eori_16_pi",
            "m68k_op_eori_16_toc",
            "m68k_op_eori_16_tos",
            "m68k_op_eori_32_ai",
            "m68k_op_eori_32_al",
            "m68k_op_eori_32_aw",
            "m68k_op_eori_32_d",
            "m68k_op_eori_32_di",
            "m68k_op_eori_32_ix",
            "m68k_op_eori_32_pd",
            "m68k_op_eori_32_pi",
            "m68k_op_eori_8_ai",
            "m68k_op_eori_8_al",
            "m68k_op_eori_8_aw",
            "m68k_op_eori_8_d",
            "m68k_op_eori_8_di",
            "m68k_op_eori_8_ix",
            "m68k_op_eori_8_pd",
            "m68k_op_eori_8_pd7",
            "m68k_op_eori_8_pi",
            "m68k_op_eori_8_pi7",
            "m68k_op_exg_32_aa",
            "m68k_op_exg_32_da",
            "m68k_op_exg_32_dd",
            "m68k_op_ext_16",
            "m68k_op_ext_32",
            "m68k_op_extb_32",
            "m68k_op_illegal",
            "m68k_op_jmp_32_ai",
            "m68k_op_jmp_32_al",
            "m68k_op_jmp_32_aw",
            "m68k_op_jmp_32_di",
            "m68k_op_jmp_32_ix",
            "m68k_op_jmp_32_pcdi",
            "m68k_op_jmp_32_pcix",
            "m68k_op_jsr_32_ai",
            "m68k_op_jsr_32_al",
            "m68k_op_jsr_32_aw",
            "m68k_op_jsr_32_di",
            "m68k_op_jsr_32_ix",
            "m68k_op_jsr_32_pcdi",
            "m68k_op_jsr_32_pcix",
            "m68k_op_lea_32_ai",
            "m68k_op_lea_32_al",
            "m68k_op_lea_32_aw",
            "m68k_op_lea_32_di",
            "m68k_op_lea_32_ix",
            "m68k_op_lea_32_pcdi",
            "m68k_op_lea_32_pcix",
            "m68k_op_link_16",
            "m68k_op_link_16_a7",
            "m68k_op_link_32",
            "m68k_op_link_32_a7",
            "m68k_op_lsl_16_ai",
            "m68k_op_lsl_16_al",
            "m68k_op_lsl_16_aw",
            "m68k_op_lsl_16_di",
            "m68k_op_lsl_16_ix",
            "m68k_op_lsl_16_pd",
            "m68k_op_lsl_16_pi",
            "m68k_op_lsl_16_r",
            "m68k_op_lsl_16_s",
            "m68k_op_lsl_32_r",
            "m68k_op_lsl_32_s",
            "m68k_op_lsl_8_r",
            "m68k_op_lsl_8_s",
            "m68k_op_lsr_16_ai",
            "m68k_op_lsr_16_al",
            "m68k_op_lsr_16_aw",
            "m68k_op_lsr_16_di",
            "m68k_op_lsr_16_ix",
            "m68k_op_lsr_16_pd",
            "m68k_op_lsr_16_pi",
            "m68k_op_lsr_16_r",
            "m68k_op_lsr_16_s",
            "m68k_op_lsr_32_r",
            "m68k_op_lsr_32_s",
            "m68k_op_lsr_8_r",
            "m68k_op_lsr_8_s",
            "m68k_op_move16_32",
            "m68k_op_move_16_ai_a",
            "m68k_op_move_16_ai_ai",
            "m68k_op_move_16_ai_al",
            "m68k_op_move_16_ai_aw",
            "m68k_op_move_16_ai_d",
            "m68k_op_move_16_ai_di",
            "m68k_op_move_16_ai_i",
            "m68k_op_move_16_ai_ix",
            "m68k_op_move_16_ai_pcdi",
            "m68k_op_move_16_ai_pcix",
            "m68k_op_move_16_ai_pd",
            "m68k_op_move_16_ai_pi",
            "m68k_op_move_16_al_a",
            "m68k_op_move_16_al_ai",
            "m68k_op_move_16_al_al",
            "m68k_op_move_16_al_aw",
            "m68k_op_move_16_al_d",
            "m68k_op_move_16_al_di",
            "m68k_op_move_16_al_i",
            "m68k_op_move_16_al_ix",
            "m68k_op_move_16_al_pcdi",
            "m68k_op_move_16_al_pcix",
            "m68k_op_move_16_al_pd",
            "m68k_op_move_16_al_pi",
            "m68k_op_move_16_aw_a",
            "m68k_op_move_16_aw_ai",
            "m68k_op_move_16_aw_al",
            "m68k_op_move_16_aw_aw",
            "m68k_op_move_16_aw_d",
            "m68k_op_move_16_aw_di",
            "m68k_op_move_16_aw_i",
            "m68k_op_move_16_aw_ix",
            "m68k_op_move_16_aw_pcdi",
            "m68k_op_move_16_aw_pcix",
            "m68k_op_move_16_aw_pd",
            "m68k_op_move_16_aw_pi",
            "m68k_op_move_16_d_a",
            "m68k_op_move_16_d_ai",
            "m68k_op_move_16_d_al",
            "m68k_op_move_16_d_aw",
            "m68k_op_move_16_d_d",
            "m68k_op_move_16_d_di",
            "m68k_op_move_16_d_i",
            "m68k_op_move_16_d_ix",
            "m68k_op_move_16_d_pcdi",
            "m68k_op_move_16_d_pcix",
            "m68k_op_move_16_d_pd",
            "m68k_op_move_16_d_pi",
            "m68k_op_move_16_di_a",
            "m68k_op_move_16_di_ai",
            "m68k_op_move_16_di_al",
            "m68k_op_move_16_di_aw",
            "m68k_op_move_16_di_d",
            "m68k_op_move_16_di_di",
            "m68k_op_move_16_di_i",
            "m68k_op_move_16_di_ix",
            "m68k_op_move_16_di_pcdi",
            "m68k_op_move_16_di_pcix",
            "m68k_op_move_16_di_pd",
            "m68k_op_move_16_di_pi",
            "m68k_op_move_16_frc_ai",
            "m68k_op_move_16_frc_al",
            "m68k_op_move_16_frc_aw",
            "m68k_op_move_16_frc_d",
            "m68k_op_move_16_frc_di",
            "m68k_op_move_16_frc_ix",
            "m68k_op_move_16_frc_pd",
            "m68k_op_move_16_frc_pi",
            "m68k_op_move_16_frs_ai",
            "m68k_op_move_16_frs_al",
            "m68k_op_move_16_frs_aw",
            "m68k_op_move_16_frs_d",
            "m68k_op_move_16_frs_di",
            "m68k_op_move_16_frs_ix",
            "m68k_op_move_16_frs_pd",
            "m68k_op_move_16_frs_pi",
            "m68k_op_move_16_ix_a",
            "m68k_op_move_16_ix_ai",
            "m68k_op_move_16_ix_al",
            "m68k_op_move_16_ix_aw",
            "m68k_op_move_16_ix_d",
            "m68k_op_move_16_ix_di",
            "m68k_op_move_16_ix_i",
            "m68k_op_move_16_ix_ix",
            "m68k_op_move_16_ix_pcdi",
            "m68k_op_move_16_ix_pcix",
            "m68k_op_move_16_ix_pd",
            "m68k_op_move_16_ix_pi",
            "m68k_op_move_16_pd_a",
            "m68k_op_move_16_pd_ai",
            "m68k_op_move_16_pd_al",
            "m68k_op_move_16_pd_aw",
            "m68k_op_move_16_pd_d",
            "m68k_op_move_16_pd_di",
            "m68k_op_move_16_pd_i",
            "m68k_op_move_16_pd_ix",
            "m68k_op_move_16_pd_pcdi",
            "m68k_op_move_16_pd_pcix",
            "m68k_op_move_16_pd_pd",
            "m68k_op_move_16_pd_pi",
            "m68k_op_move_16_pi_a",
            "m68k_op_move_16_pi_ai",
            "m68k_op_move_16_pi_al",
            "m68k_op_move_16_pi_aw",
            "m68k_op_move_16_pi_d",
            "m68k_op_move_16_pi_di",
            "m68k_op_move_16_pi_i",
            "m68k_op_move_16_pi_ix",
            "m68k_op_move_16_pi_pcdi",
            "m68k_op_move_16_pi_pcix",
            "m68k_op_move_16_pi_pd",
            "m68k_op_move_16_pi_pi",
            "m68k_op_move_16_toc_ai",
            "m68k_op_move_16_toc_al",
            "m68k_op_move_16_toc_aw",
            "m68k_op_move_16_toc_d",
            "m68k_op_move_16_toc_di",
            "m68k_op_move_16_toc_i",
            "m68k_op_move_16_toc_ix",
            "m68k_op_move_16_toc_pcdi",
            "m68k_op_move_16_toc_pcix",
            "m68k_op_move_16_toc_pd",
            "m68k_op_move_16_toc_pi",
            "m68k_op_move_16_tos_ai",
            "m68k_op_move_16_tos_al",
            "m68k_op_move_16_tos_aw",
            "m68k_op_move_16_tos_d",
            "m68k_op_move_16_tos_di",
            "m68k_op_move_16_tos_i",
            "m68k_op_move_16_tos_ix",
            "m68k_op_move_16_tos_pcdi",
            "m68k_op_move_16_tos_pcix",
            "m68k_op_move_16_tos_pd",
            "m68k_op_move_16_tos_pi",
            "m68k_op_move_32_ai_a",
            "m68k_op_move_32_ai_ai",
            "m68k_op_move_32_ai_al",
            "m68k_op_move_32_ai_aw",
            "m68k_op_move_32_ai_d",
            "m68k_op_move_32_ai_di",
            "m68k_op_move_32_ai_i",
            "m68k_op_move_32_ai_ix",
            "m68k_op_move_32_ai_pcdi",
            "m68k_op_move_32_ai_pcix",
            "m68k_op_move_32_ai_pd",
            "m68k_op_move_32_ai_pi",
            "m68k_op_move_32_al_a",
            "m68k_op_move_32_al_ai",
            "m68k_op_move_32_al_al",
            "m68k_op_move_32_al_aw",
            "m68k_op_move_32_al_d",
            "m68k_op_move_32_al_di",
            "m68k_op_move_32_al_i",
            "m68k_op_move_32_al_ix",
            "m68k_op_move_32_al_pcdi",
            "m68k_op_move_32_al_pcix",
            "m68k_op_move_32_al_pd",
            "m68k_op_move_32_al_pi",
            "m68k_op_move_32_aw_a",
            "m68k_op_move_32_aw_ai",
            "m68k_op_move_32_aw_al",
            "m68k_op_move_32_aw_aw",
            "m68k_op_move_32_aw_d",
            "m68k_op_move_32_aw_di",
            "m68k_op_move_32_aw_i",
            "m68k_op_move_32_aw_ix",
            "m68k_op_move_32_aw_pcdi",
            "m68k_op_move_32_aw_pcix",
            "m68k_op_move_32_aw_pd",
            "m68k_op_move_32_aw_pi",
            "m68k_op_move_32_d_a",
            "m68k_op_move_32_d_ai",
            "m68k_op_move_32_d_al",
            "m68k_op_move_32_d_aw",
            "m68k_op_move_32_d_d",
            "m68k_op_move_32_d_di",
            "m68k_op_move_32_d_i",
            "m68k_op_move_32_d_ix",
            "m68k_op_move_32_d_pcdi",
            "m68k_op_move_32_d_pcix",
            "m68k_op_move_32_d_pd",
            "m68k_op_move_32_d_pi",
            "m68k_op_move_32_di_a",
            "m68k_op_move_32_di_ai",
            "m68k_op_move_32_di_al",
            "m68k_op_move_32_di_aw",
            "m68k_op_move_32_di_d",
            "m68k_op_move_32_di_di",
            "m68k_op_move_32_di_i",
            "m68k_op_move_32_di_ix",
            "m68k_op_move_32_di_pcdi",
            "m68k_op_move_32_di_pcix",
            "m68k_op_move_32_di_pd",
            "m68k_op_move_32_di_pi",
            "m68k_op_move_32_fru",
            "m68k_op_move_32_ix_a",
            "m68k_op_move_32_ix_ai",
            "m68k_op_move_32_ix_al",
            "m68k_op_move_32_ix_aw",
            "m68k_op_move_32_ix_d",
            "m68k_op_move_32_ix_di",
            "m68k_op_move_32_ix_i",
            "m68k_op_move_32_ix_ix",
            "m68k_op_move_32_ix_pcdi",
            "m68k_op_move_32_ix_pcix",
            "m68k_op_move_32_ix_pd",
            "m68k_op_move_32_ix_pi",
            "m68k_op_move_32_pd_a",
            "m68k_op_move_32_pd_ai",
            "m68k_op_move_32_pd_al",
            "m68k_op_move_32_pd_aw",
            "m68k_op_move_32_pd_d",
            "m68k_op_move_32_pd_di",
            "m68k_op_move_32_pd_i",
            "m68k_op_move_32_pd_ix",
            "m68k_op_move_32_pd_pcdi",
            "m68k_op_move_32_pd_pcix",
            "m68k_op_move_32_pd_pd",
            "m68k_op_move_32_pd_pi",
            "m68k_op_move_32_pi_a",
            "m68k_op_move_32_pi_ai",
            "m68k_op_move_32_pi_al",
            "m68k_op_move_32_pi_aw",
            "m68k_op_move_32_pi_d",
            "m68k_op_move_32_pi_di",
            "m68k_op_move_32_pi_i",
            "m68k_op_move_32_pi_ix",
            "m68k_op_move_32_pi_pcdi",
            "m68k_op_move_32_pi_pcix",
            "m68k_op_move_32_pi_pd",
            "m68k_op_move_32_pi_pi",
            "m68k_op_move_32_tou",
            "m68k_op_move_8_ai_ai",
            "m68k_op_move_8_ai_al",
            "m68k_op_move_8_ai_aw",
            "m68k_op_move_8_ai_d",
            "m68k_op_move_8_ai_di",
            "m68k_op_move_8_ai_i",
            "m68k_op_move_8_ai_ix",
            "m68k_op_move_8_ai_pcdi",
            "m68k_op_move_8_ai_pcix",
            "m68k_op_move_8_ai_pd",
            "m68k_op_move_8_ai_pd7",
            "m68k_op_move_8_ai_pi",
            "m68k_op_move_8_ai_pi7",
            "m68k_op_move_8_al_ai",
            "m68k_op_move_8_al_al",
            "m68k_op_move_8_al_aw",
            "m68k_op_move_8_al_d",
            "m68k_op_move_8_al_di",
            "m68k_op_move_8_al_i",
            "m68k_op_move_8_al_ix",
            "m68k_op_move_8_al_pcdi",
            "m68k_op_move_8_al_pcix",
            "m68k_op_move_8_al_pd",
            "m68k_op_move_8_al_pd7",
            "m68k_op_move_8_al_pi",
            "m68k_op_move_8_al_pi7",
            "m68k_op_move_8_aw_ai",
            "m68k_op_move_8_aw_al",
            "m68k_op_move_8_aw_aw",
            "m68k_op_move_8_aw_d",
            "m68k_op_move_8_aw_di",
            "m68k_op_move_8_aw_i",
            "m68k_op_move_8_aw_ix",
            "m68k_op_move_8_aw_pcdi",
            "m68k_op_move_8_aw_pcix",
            "m68k_op_move_8_aw_pd",
            "m68k_op_move_8_aw_pd7",
            "m68k_op_move_8_aw_pi",
            "m68k_op_move_8_aw_pi7",
            "m68k_op_move_8_d_ai",
            "m68k_op_move_8_d_al",
            "m68k_op_move_8_d_aw",
            "m68k_op_move_8_d_d",
            "m68k_op_move_8_d_di",
            "m68k_op_move_8_d_i",
            "m68k_op_move_8_d_ix",
            "m68k_op_move_8_d_pcdi",
            "m68k_op_move_8_d_pcix",
            "m68k_op_move_8_d_pd",
            "m68k_op_move_8_d_pd7",
            "m68k_op_move_8_d_pi",
            "m68k_op_move_8_d_pi7",
            "m68k_op_move_8_di_ai",
            "m68k_op_move_8_di_al",
            "m68k_op_move_8_di_aw",
            "m68k_op_move_8_di_d",
            "m68k_op_move_8_di_di",
            "m68k_op_move_8_di_i",
            "m68k_op_move_8_di_ix",
            "m68k_op_move_8_di_pcdi",
            "m68k_op_move_8_di_pcix",
            "m68k_op_move_8_di_pd",
            "m68k_op_move_8_di_pd7",
            "m68k_op_move_8_di_pi",
            "m68k_op_move_8_di_pi7",
            "m68k_op_move_8_ix_ai",
            "m68k_op_move_8_ix_al",
            "m68k_op_move_8_ix_aw",
            "m68k_op_move_8_ix_d",
            "m68k_op_move_8_ix_di",
            "m68k_op_move_8_ix_i",
            "m68k_op_move_8_ix_ix",
            "m68k_op_move_8_ix_pcdi",
            "m68k_op_move_8_ix_pcix",
            "m68k_op_move_8_ix_pd",
            "m68k_op_move_8_ix_pd7",
            "m68k_op_move_8_ix_pi",
            "m68k_op_move_8_ix_pi7",
            "m68k_op_move_8_pd7_ai",
            "m68k_op_move_8_pd7_al",
            "m68k_op_move_8_pd7_aw",
            "m68k_op_move_8_pd7_d",
            "m68k_op_move_8_pd7_di",
            "m68k_op_move_8_pd7_i",
            "m68k_op_move_8_pd7_ix",
            "m68k_op_move_8_pd7_pcdi",
            "m68k_op_move_8_pd7_pcix",
            "m68k_op_move_8_pd7_pd",
            "m68k_op_move_8_pd7_pd7",
            "m68k_op_move_8_pd7_pi",
            "m68k_op_move_8_pd7_pi7",
            "m68k_op_move_8_pd_ai",
            "m68k_op_move_8_pd_al",
            "m68k_op_move_8_pd_aw",
            "m68k_op_move_8_pd_d",
            "m68k_op_move_8_pd_di",
            "m68k_op_move_8_pd_i",
            "m68k_op_move_8_pd_ix",
            "m68k_op_move_8_pd_pcdi",
            "m68k_op_move_8_pd_pcix",
            "m68k_op_move_8_pd_pd",
            "m68k_op_move_8_pd_pd7",
            "m68k_op_move_8_pd_pi",
            "m68k_op_move_8_pd_pi7",
            "m68k_op_move_8_pi7_ai",
            "m68k_op_move_8_pi7_al",
            "m68k_op_move_8_pi7_aw",
            "m68k_op_move_8_pi7_d",
            "m68k_op_move_8_pi7_di",
            "m68k_op_move_8_pi7_i",
            "m68k_op_move_8_pi7_ix",
            "m68k_op_move_8_pi7_pcdi",
            "m68k_op_move_8_pi7_pcix",
            "m68k_op_move_8_pi7_pd",
            "m68k_op_move_8_pi7_pd7",
            "m68k_op_move_8_pi7_pi",
            "m68k_op_move_8_pi7_pi7",
            "m68k_op_move_8_pi_ai",
            "m68k_op_move_8_pi_al",
            "m68k_op_move_8_pi_aw",
            "m68k_op_move_8_pi_d",
            "m68k_op_move_8_pi_di",
            "m68k_op_move_8_pi_i",
            "m68k_op_move_8_pi_ix",
            "m68k_op_move_8_pi_pcdi",
            "m68k_op_move_8_pi_pcix",
            "m68k_op_move_8_pi_pd",
            "m68k_op_move_8_pi_pd7",
            "m68k_op_move_8_pi_pi",
            "m68k_op_move_8_pi_pi7",
            "m68k_op_movea_16_a",
            "m68k_op_movea_16_ai",
            "m68k_op_movea_16_al",
            "m68k_op_movea_16_aw",
            "m68k_op_movea_16_d",
            "m68k_op_movea_16_di",
            "m68k_op_movea_16_i",
            "m68k_op_movea_16_ix",
            "m68k_op_movea_16_pcdi",
            "m68k_op_movea_16_pcix",
            "m68k_op_movea_16_pd",
            "m68k_op_movea_16_pi",
            "m68k_op_movea_32_a",
            "m68k_op_movea_32_ai",
            "m68k_op_movea_32_al",
            "m68k_op_movea_32_aw",
            "m68k_op_movea_32_d",
            "m68k_op_movea_32_di",
            "m68k_op_movea_32_i",
            "m68k_op_movea_32_ix",
            "m68k_op_movea_32_pcdi",
            "m68k_op_movea_32_pcix",
            "m68k_op_movea_32_pd",
            "m68k_op_movea_32_pi",
            "m68k_op_movec_32_cr",
            "m68k_op_movec_32_rc",
            "m68k_op_movem_16_er_ai",
            "m68k_op_movem_16_er_al",
            "m68k_op_movem_16_er_aw",
            "m68k_op_movem_16_er_di",
            "m68k_op_movem_16_er_ix",
            "m68k_op_movem_16_er_pcdi",
            "m68k_op_movem_16_er_pcix",
            "m68k_op_movem_16_er_pi",
            "m68k_op_movem_16_re_ai",
            "m68k_op_movem_16_re_al",
            "m68k_op_movem_16_re_aw",
            "m68k_op_movem_16_re_di",
            "m68k_op_movem_16_re_ix",
            "m68k_op_movem_16_re_pd",
            "m68k_op_movem_32_er_ai",
            "m68k_op_movem_32_er_al",
            "m68k_op_movem_32_er_aw",
            "m68k_op_movem_32_er_di",
            "m68k_op_movem_32_er_ix",
            "m68k_op_movem_32_er_pcdi",
            "m68k_op_movem_32_er_pcix",
            "m68k_op_movem_32_er_pi",
            "m68k_op_movem_32_re_ai",
            "m68k_op_movem_32_re_al",
            "m68k_op_movem_32_re_aw",
            "m68k_op_movem_32_re_di",
            "m68k_op_movem_32_re_ix",
            "m68k_op_movem_32_re_pd",
            "m68k_op_movep_16_er",
            "m68k_op_movep_16_re",
            "m68k_op_movep_32_er",
            "m68k_op_movep_32_re",
            "m68k_op_moveq_32",
            "m68k_op_moves_16_ai",
            "m68k_op_moves_16_al",
            "m68k_op_moves_16_aw",
            "m68k_op_moves_16_di",
            "m68k_op_moves_16_ix",
            "m68k_op_moves_16_pd",
            "m68k_op_moves_16_pi",
            "m68k_op_moves_32_ai",
            "m68k_op_moves_32_al",
            "m68k_op_moves_32_aw",
            "m68k_op_moves_32_di",
            "m68k_op_moves_32_ix",
            "m68k_op_moves_32_pd",
            "m68k_op_moves_32_pi",
            "m68k_op_moves_8_ai",
            "m68k_op_moves_8_al",
            "m68k_op_moves_8_aw",
            "m68k_op_moves_8_di",
            "m68k_op_moves_8_ix",
            "m68k_op_moves_8_pd",
            "m68k_op_moves_8_pd7",
            "m68k_op_moves_8_pi",
            "m68k_op_moves_8_pi7",
            "m68k_op_mull_32_ai",
            "m68k_op_mull_32_al",
            "m68k_op_mull_32_aw",
            "m68k_op_mull_32_d",
            "m68k_op_mull_32_di",
            "m68k_op_mull_32_i",
            "m68k_op_mull_32_ix",
            "m68k_op_mull_32_pcdi",
            "m68k_op_mull_32_pcix",
            "m68k_op_mull_32_pd",
            "m68k_op_mull_32_pi",
            "m68k_op_muls_16_ai",
            "m68k_op_muls_16_al",
            "m68k_op_muls_16_aw",
            "m68k_op_muls_16_d",
            "m68k_op_muls_16_di",
            "m68k_op_muls_16_i",
            "m68k_op_muls_16_ix",
            "m68k_op_muls_16_pcdi",
            "m68k_op_muls_16_pcix",
            "m68k_op_muls_16_pd",
            "m68k_op_muls_16_pi",
            "m68k_op_mulu_16_ai",
            "m68k_op_mulu_16_al",
            "m68k_op_mulu_16_aw",
            "m68k_op_mulu_16_d",
            "m68k_op_mulu_16_di",
            "m68k_op_mulu_16_i",
            "m68k_op_mulu_16_ix",
            "m68k_op_mulu_16_pcdi",
            "m68k_op_mulu_16_pcix",
            "m68k_op_mulu_16_pd",
            "m68k_op_mulu_16_pi",
            "m68k_op_nbcd_8_ai",
            "m68k_op_nbcd_8_al",
            "m68k_op_nbcd_8_aw",
            "m68k_op_nbcd_8_d",
            "m68k_op_nbcd_8_di",
            "m68k_op_nbcd_8_ix",
            "m68k_op_nbcd_8_pd",
            "m68k_op_nbcd_8_pd7",
            "m68k_op_nbcd_8_pi",
            "m68k_op_nbcd_8_pi7",
            "m68k_op_neg_16_ai",
            "m68k_op_neg_16_al",
            "m68k_op_neg_16_aw",
            "m68k_op_neg_16_d",
            "m68k_op_neg_16_di",
            "m68k_op_neg_16_ix",
            "m68k_op_neg_16_pd",
            "m68k_op_neg_16_pi",
            "m68k_op_neg_32_ai",
            "m68k_op_neg_32_al",
            "m68k_op_neg_32_aw",
            "m68k_op_neg_32_d",
            "m68k_op_neg_32_di",
            "m68k_op_neg_32_ix",
            "m68k_op_neg_32_pd",
            "m68k_op_neg_32_pi",
            "m68k_op_neg_8_ai",
            "m68k_op_neg_8_al",
            "m68k_op_neg_8_aw",
            "m68k_op_neg_8_d",
            "m68k_op_neg_8_di",
            "m68k_op_neg_8_ix",
            "m68k_op_neg_8_pd",
            "m68k_op_neg_8_pd7",
            "m68k_op_neg_8_pi",
            "m68k_op_neg_8_pi7",
            "m68k_op_negx_16_ai",
            "m68k_op_negx_16_al",
            "m68k_op_negx_16_aw",
            "m68k_op_negx_16_d",
            "m68k_op_negx_16_di",
            "m68k_op_negx_16_ix",
            "m68k_op_negx_16_pd",
            "m68k_op_negx_16_pi",
            "m68k_op_negx_32_ai",
            "m68k_op_negx_32_al",
            "m68k_op_negx_32_aw",
            "m68k_op_negx_32_d",
            "m68k_op_negx_32_di",
            "m68k_op_negx_32_ix",
            "m68k_op_negx_32_pd",
            "m68k_op_negx_32_pi",
            "m68k_op_negx_8_ai",
            "m68k_op_negx_8_al",
            "m68k_op_negx_8_aw",
            "m68k_op_negx_8_d",
            "m68k_op_negx_8_di",
            "m68k_op_negx_8_ix",
            "m68k_op_negx_8_pd",
            "m68k_op_negx_8_pd7",
            "m68k_op_negx_8_pi",
            "m68k_op_negx_8_pi7",
            "m68k_op_nop",
            "m68k_op_not_16_ai",
            "m68k_op_not_16_al",
            "m68k_op_not_16_aw",
            "m68k_op_not_16_d",
            "m68k_op_not_16_di",
            "m68k_op_not_16_ix",
            "m68k_op_not_16_pd",
            "m68k_op_not_16_pi",
            "m68k_op_not_32_ai",
            "m68k_op_not_32_al",
            "m68k_op_not_32_aw",
            "m68k_op_not_32_d",
            "m68k_op_not_32_di",
            "m68k_op_not_32_ix",
            "m68k_op_not_32_pd",
            "m68k_op_not_32_pi",
            "m68k_op_not_8_ai",
            "m68k_op_not_8_al",
            "m68k_op_not_8_aw",
            "m68k_op_not_8_d",
            "m68k_op_not_8_di",
            "m68k_op_not_8_ix",
            "m68k_op_not_8_pd",
            "m68k_op_not_8_pd7",
            "m68k_op_not_8_pi",
            "m68k_op_not_8_pi7",
            "m68k_op_or_16_er_ai",
            "m68k_op_or_16_er_al",
            "m68k_op_or_16_er_aw",
            "m68k_op_or_16_er_d",
            "m68k_op_or_16_er_di",
            "m68k_op_or_16_er_i",
            "m68k_op_or_16_er_ix",
            "m68k_op_or_16_er_pcdi",
            "m68k_op_or_16_er_pcix",
            "m68k_op_or_16_er_pd",
            "m68k_op_or_16_er_pi",
            "m68k_op_or_16_re_ai",
            "m68k_op_or_16_re_al",
            "m68k_op_or_16_re_aw",
            "m68k_op_or_16_re_di",
            "m68k_op_or_16_re_ix",
            "m68k_op_or_16_re_pd",
            "m68k_op_or_16_re_pi",
            "m68k_op_or_32_er_ai",
            "m68k_op_or_32_er_al",
            "m68k_op_or_32_er_aw",
            "m68k_op_or_32_er_d",
            "m68k_op_or_32_er_di",
            "m68k_op_or_32_er_i",
            "m68k_op_or_32_er_ix",
            "m68k_op_or_32_er_pcdi",
            "m68k_op_or_32_er_pcix",
            "m68k_op_or_32_er_pd",
            "m68k_op_or_32_er_pi",
            "m68k_op_or_32_re_ai",
            "m68k_op_or_32_re_al",
            "m68k_op_or_32_re_aw",
            "m68k_op_or_32_re_di",
            "m68k_op_or_32_re_ix",
            "m68k_op_or_32_re_pd",
            "m68k_op_or_32_re_pi",
            "m68k_op_or_8_er_ai",
            "m68k_op_or_8_er_al",
            "m68k_op_or_8_er_aw",
            "m68k_op_or_8_er_d",
            "m68k_op_or_8_er_di",
            "m68k_op_or_8_er_i",
            "m68k_op_or_8_er_ix",
            "m68k_op_or_8_er_pcdi",
            "m68k_op_or_8_er_pcix",
            "m68k_op_or_8_er_pd",
            "m68k_op_or_8_er_pd7",
            "m68k_op_or_8_er_pi",
            "m68k_op_or_8_er_pi7",
            "m68k_op_or_8_re_ai",
            "m68k_op_or_8_re_al",
            "m68k_op_or_8_re_aw",
            "m68k_op_or_8_re_di",
            "m68k_op_or_8_re_ix",
            "m68k_op_or_8_re_pd",
            "m68k_op_or_8_re_pd7",
            "m68k_op_or_8_re_pi",
            "m68k_op_or_8_re_pi7",
            "m68k_op_ori_16_ai",
            "m68k_op_ori_16_al",
            "m68k_op_ori_16_aw",
            "m68k_op_ori_16_d",
            "m68k_op_ori_16_di",
            "m68k_op_ori_16_ix",
            "m68k_op_ori_16_pd",
            "m68k_op_ori_16_pi",
            "m68k_op_ori_16_toc",
            "m68k_op_ori_16_tos",
            "m68k_op_ori_32_ai",
            "m68k_op_ori_32_al",
            "m68k_op_ori_32_aw",
            "m68k_op_ori_32_d",
            "m68k_op_ori_32_di",
            "m68k_op_ori_32_ix",
            "m68k_op_ori_32_pd",
            "m68k_op_ori_32_pi",
            "m68k_op_ori_8_ai",
            "m68k_op_ori_8_al",
            "m68k_op_ori_8_aw",
            "m68k_op_ori_8_d",
            "m68k_op_ori_8_di",
            "m68k_op_ori_8_ix",
            "m68k_op_ori_8_pd",
            "m68k_op_ori_8_pd7",
            "m68k_op_ori_8_pi",
            "m68k_op_ori_8_pi7",
            "m68k_op_pack_16_mm",
            "m68k_op_pack_16_mm_ax7",
            "m68k_op_pack_16_mm_axy7",
            "m68k_op_pack_16_mm_ay7",
            "m68k_op_pack_16_rr",
            "m68k_op_pea_32_ai",
            "m68k_op_pea_32_al",
            "m68k_op_pea_32_aw",
            "m68k_op_pea_32_di",
            "m68k_op_pea_32_ix",
            "m68k_op_pea_32_pcdi",
            "m68k_op_pea_32_pcix",
            "m68k_op_pflush_32",
            "m68k_op_pmmu_32",
            "m68k_op_reset",
            "m68k_op_rol_16_ai",
            "m68k_op_rol_16_al",
            "m68k_op_rol_16_aw",
            "m68k_op_rol_16_di",
            "m68k_op_rol_16_ix",
            "m68k_op_rol_16_pd",
            "m68k_op_rol_16_pi",
            "m68k_op_rol_16_r",
            "m68k_op_rol_16_s",
            "m68k_op_rol_32_r",
            "m68k_op_rol_32_s",
            "m68k_op_rol_8_r",
            "m68k_op_rol_8_s",
            "m68k_op_ror_16_ai",
            "m68k_op_ror_16_al",
            "m68k_op_ror_16_aw",
            "m68k_op_ror_16_di",
            "m68k_op_ror_16_ix",
            "m68k_op_ror_16_pd",
            "m68k_op_ror_16_pi",
            "m68k_op_ror_16_r",
            "m68k_op_ror_16_s",
            "m68k_op_ror_32_r",
            "m68k_op_ror_32_s",
            "m68k_op_ror_8_r",
            "m68k_op_ror_8_s",
            "m68k_op_roxl_16_ai",
            "m68k_op_roxl_16_al",
            "m68k_op_roxl_16_aw",
            "m68k_op_roxl_16_di",
            "m68k_op_roxl_16_ix",
            "m68k_op_roxl_16_pd",
            "m68k_op_roxl_16_pi",
            "m68k_op_roxl_16_r",
            "m68k_op_roxl_16_s",
            "m68k_op_roxl_32_r",
            "m68k_op_roxl_32_s",
            "m68k_op_roxl_8_r",
            "m68k_op_roxl_8_s",
            "m68k_op_roxr_16_ai",
            "m68k_op_roxr_16_al",
            "m68k_op_roxr_16_aw",
            "m68k_op_roxr_16_di",
            "m68k_op_roxr_16_ix",
            "m68k_op_roxr_16_pd",
            "m68k_op_roxr_16_pi",
            "m68k_op_roxr_16_r",
            "m68k_op_roxr_16_s",
            "m68k_op_roxr_32_r",
            "m68k_op_roxr_32_s",
            "m68k_op_roxr_8_r",
            "m68k_op_roxr_8_s",
            "m68k_op_rtd_32",
            "m68k_op_rte_32",
            "m68k_op_rtm_32",
            "m68k_op_rtr_32",
            "m68k_op_rts_32",
            "m68k_op_sbcd_8_mm",
            "m68k_op_sbcd_8_mm_ax7",
            "m68k_op_sbcd_8_mm_axy7",
            "m68k_op_sbcd_8_mm_ay7",
            "m68k_op_sbcd_8_rr",
            "m68k_op_scc_8_ai",
            "m68k_op_scc_8_al",
            "m68k_op_scc_8_aw",
            "m68k_op_scc_8_d",
            "m68k_op_scc_8_di",
            "m68k_op_scc_8_ix",
            "m68k_op_scc_8_pd",
            "m68k_op_scc_8_pd7",
            "m68k_op_scc_8_pi",
            "m68k_op_scc_8_pi7",
            "m68k_op_scs_8_ai",
            "m68k_op_scs_8_al",
            "m68k_op_scs_8_aw",
            "m68k_op_scs_8_d",
            "m68k_op_scs_8_di",
            "m68k_op_scs_8_ix",
            "m68k_op_scs_8_pd",
            "m68k_op_scs_8_pd7",
            "m68k_op_scs_8_pi",
            "m68k_op_scs_8_pi7",
            "m68k_op_seq_8_ai",
            "m68k_op_seq_8_al",
            "m68k_op_seq_8_aw",
            "m68k_op_seq_8_d",
            "m68k_op_seq_8_di",
            "m68k_op_seq_8_ix",
            "m68k_op_seq_8_pd",
            "m68k_op_seq_8_pd7",
            "m68k_op_seq_8_pi",
            "m68k_op_seq_8_pi7",
            "m68k_op_sf_8_ai",
            "m68k_op_sf_8_al",
            "m68k_op_sf_8_aw",
            "m68k_op_sf_8_d",
            "m68k_op_sf_8_di",
            "m68k_op_sf_8_ix",
            "m68k_op_sf_8_pd",
            "m68k_op_sf_8_pd7",
            "m68k_op_sf_8_pi",
            "m68k_op_sf_8_pi7",
            "m68k_op_sge_8_ai",
            "m68k_op_sge_8_al",
            "m68k_op_sge_8_aw",
            "m68k_op_sge_8_d",
            "m68k_op_sge_8_di",
            "m68k_op_sge_8_ix",
            "m68k_op_sge_8_pd",
            "m68k_op_sge_8_pd7",
            "m68k_op_sge_8_pi",
            "m68k_op_sge_8_pi7",
            "m68k_op_sgt_8_ai",
            "m68k_op_sgt_8_al",
            "m68k_op_sgt_8_aw",
            "m68k_op_sgt_8_d",
            "m68k_op_sgt_8_di",
            "m68k_op_sgt_8_ix",
            "m68k_op_sgt_8_pd",
            "m68k_op_sgt_8_pd7",
            "m68k_op_sgt_8_pi",
            "m68k_op_sgt_8_pi7",
            "m68k_op_shi_8_ai",
            "m68k_op_shi_8_al",
            "m68k_op_shi_8_aw",
            "m68k_op_shi_8_d",
            "m68k_op_shi_8_di",
            "m68k_op_shi_8_ix",
            "m68k_op_shi_8_pd",
            "m68k_op_shi_8_pd7",
            "m68k_op_shi_8_pi",
            "m68k_op_shi_8_pi7",
            "m68k_op_sle_8_ai",
            "m68k_op_sle_8_al",
            "m68k_op_sle_8_aw",
            "m68k_op_sle_8_d",
            "m68k_op_sle_8_di",
            "m68k_op_sle_8_ix",
            "m68k_op_sle_8_pd",
            "m68k_op_sle_8_pd7",
            "m68k_op_sle_8_pi",
            "m68k_op_sle_8_pi7",
            "m68k_op_sls_8_ai",
            "m68k_op_sls_8_al",
            "m68k_op_sls_8_aw",
            "m68k_op_sls_8_d",
            "m68k_op_sls_8_di",
            "m68k_op_sls_8_ix",
            "m68k_op_sls_8_pd",
            "m68k_op_sls_8_pd7",
            "m68k_op_sls_8_pi",
            "m68k_op_sls_8_pi7",
            "m68k_op_slt_8_ai",
            "m68k_op_slt_8_al",
            "m68k_op_slt_8_aw",
            "m68k_op_slt_8_d",
            "m68k_op_slt_8_di",
            "m68k_op_slt_8_ix",
            "m68k_op_slt_8_pd",
            "m68k_op_slt_8_pd7",
            "m68k_op_slt_8_pi",
            "m68k_op_slt_8_pi7",
            "m68k_op_smi_8_ai",
            "m68k_op_smi_8_al",
            "m68k_op_smi_8_aw",
            "m68k_op_smi_8_d",
            "m68k_op_smi_8_di",
            "m68k_op_smi_8_ix",
            "m68k_op_smi_8_pd",
            "m68k_op_smi_8_pd7",
            "m68k_op_smi_8_pi",
            "m68k_op_smi_8_pi7",
            "m68k_op_sne_8_ai",
            "m68k_op_sne_8_al",
            "m68k_op_sne_8_aw",
            "m68k_op_sne_8_d",
            "m68k_op_sne_8_di",
            "m68k_op_sne_8_ix",
            "m68k_op_sne_8_pd",
            "m68k_op_sne_8_pd7",
            "m68k_op_sne_8_pi",
            "m68k_op_sne_8_pi7",
            "m68k_op_spl_8_ai",
            "m68k_op_spl_8_al",
            "m68k_op_spl_8_aw",
            "m68k_op_spl_8_d",
            "m68k_op_spl_8_di",
            "m68k_op_spl_8_ix",
            "m68k_op_spl_8_pd",
            "m68k_op_spl_8_pd7",
            "m68k_op_spl_8_pi",
            "m68k_op_spl_8_pi7",
            "m68k_op_st_8_ai",
            "m68k_op_st_8_al",
            "m68k_op_st_8_aw",
            "m68k_op_st_8_d",
            "m68k_op_st_8_di",
            "m68k_op_st_8_ix",
            "m68k_op_st_8_pd",
            "m68k_op_st_8_pd7",
            "m68k_op_st_8_pi",
            "m68k_op_st_8_pi7",
            "m68k_op_stop",
            "m68k_op_sub_16_er_a",
            "m68k_op_sub_16_er_ai",
            "m68k_op_sub_16_er_al",
            "m68k_op_sub_16_er_aw",
            "m68k_op_sub_16_er_d",
            "m68k_op_sub_16_er_di",
            "m68k_op_sub_16_er_i",
            "m68k_op_sub_16_er_ix",
            "m68k_op_sub_16_er_pcdi",
            "m68k_op_sub_16_er_pcix",
            "m68k_op_sub_16_er_pd",
            "m68k_op_sub_16_er_pi",
            "m68k_op_sub_16_re_ai",
            "m68k_op_sub_16_re_al",
            "m68k_op_sub_16_re_aw",
            "m68k_op_sub_16_re_di",
            "m68k_op_sub_16_re_ix",
            "m68k_op_sub_16_re_pd",
            "m68k_op_sub_16_re_pi",
            "m68k_op_sub_32_er_a",
            "m68k_op_sub_32_er_ai",
            "m68k_op_sub_32_er_al",
            "m68k_op_sub_32_er_aw",
            "m68k_op_sub_32_er_d",
            "m68k_op_sub_32_er_di",
            "m68k_op_sub_32_er_i",
            "m68k_op_sub_32_er_ix",
            "m68k_op_sub_32_er_pcdi",
            "m68k_op_sub_32_er_pcix",
            "m68k_op_sub_32_er_pd",
            "m68k_op_sub_32_er_pi",
            "m68k_op_sub_32_re_ai",
            "m68k_op_sub_32_re_al",
            "m68k_op_sub_32_re_aw",
            "m68k_op_sub_32_re_di",
            "m68k_op_sub_32_re_ix",
            "m68k_op_sub_32_re_pd",
            "m68k_op_sub_32_re_pi",
            "m68k_op_sub_8_er_ai",
            "m68k_op_sub_8_er_al",
            "m68k_op_sub_8_er_aw",
            "m68k_op_sub_8_er_d",
            "m68k_op_sub_8_er_di",
            "m68k_op_sub_8_er_i",
            "m68k_op_sub_8_er_ix",
            "m68k_op_sub_8_er_pcdi",
            "m68k_op_sub_8_er_pcix",
            "m68k_op_sub_8_er_pd",
            "m68k_op_sub_8_er_pd7",
            "m68k_op_sub_8_er_pi",
            "m68k_op_sub_8_er_pi7",
            "m68k_op_sub_8_re_ai",
            "m68k_op_sub_8_re_al",
            "m68k_op_sub_8_re_aw",
            "m68k_op_sub_8_re_di",
            "m68k_op_sub_8_re_ix",
            "m68k_op_sub_8_re_pd",
            "m68k_op_sub_8_re_pd7",
            "m68k_op_sub_8_re_pi",
            "m68k_op_sub_8_re_pi7",
            "m68k_op_suba_16_a",
            "m68k_op_suba_16_ai",
            "m68k_op_suba_16_al",
            "m68k_op_suba_16_aw",
            "m68k_op_suba_16_d",
            "m68k_op_suba_16_di",
            "m68k_op_suba_16_i",
            "m68k_op_suba_16_ix",
            "m68k_op_suba_16_pcdi",
            "m68k_op_suba_16_pcix",
            "m68k_op_suba_16_pd",
            "m68k_op_suba_16_pi",
            "m68k_op_suba_32_a",
            "m68k_op_suba_32_ai",
            "m68k_op_suba_32_al",
            "m68k_op_suba_32_aw",
            "m68k_op_suba_32_d",
            "m68k_op_suba_32_di",
            "m68k_op_suba_32_i",
            "m68k_op_suba_32_ix",
            "m68k_op_suba_32_pcdi",
            "m68k_op_suba_32_pcix",
            "m68k_op_suba_32_pd",
            "m68k_op_suba_32_pi",
            "m68k_op_subi_16_ai",
            "m68k_op_subi_16_al",
            "m68k_op_subi_16_aw",
            "m68k_op_subi_16_d",
            "m68k_op_subi_16_di",
            "m68k_op_subi_16_ix",
            "m68k_op_subi_16_pd",
            "m68k_op_subi_16_pi",
            "m68k_op_subi_32_ai",
            "m68k_op_subi_32_al",
            "m68k_op_subi_32_aw",
            "m68k_op_subi_32_d",
            "m68k_op_subi_32_di",
            "m68k_op_subi_32_ix",
            "m68k_op_subi_32_pd",
            "m68k_op_subi_32_pi",
            "m68k_op_subi_8_ai",
            "m68k_op_subi_8_al",
            "m68k_op_subi_8_aw",
            "m68k_op_subi_8_d",
            "m68k_op_subi_8_di",
            "m68k_op_subi_8_ix",
            "m68k_op_subi_8_pd",
            "m68k_op_subi_8_pd7",
            "m68k_op_subi_8_pi",
            "m68k_op_subi_8_pi7",
            "m68k_op_subq_16_a",
            "m68k_op_subq_16_ai",
            "m68k_op_subq_16_al",
            "m68k_op_subq_16_aw",
            "m68k_op_subq_16_d",
            "m68k_op_subq_16_di",
            "m68k_op_subq_16_ix",
            "m68k_op_subq_16_pd",
            "m68k_op_subq_16_pi",
            "m68k_op_subq_32_a",
            "m68k_op_subq_32_ai",
            "m68k_op_subq_32_al",
            "m68k_op_subq_32_aw",
            "m68k_op_subq_32_d",
            "m68k_op_subq_32_di",
            "m68k_op_subq_32_ix",
            "m68k_op_subq_32_pd",
            "m68k_op_subq_32_pi",
            "m68k_op_subq_8_ai",
            "m68k_op_subq_8_al",
            "m68k_op_subq_8_aw",
            "m68k_op_subq_8_d",
            "m68k_op_subq_8_di",
            "m68k_op_subq_8_ix",
            "m68k_op_subq_8_pd",
            "m68k_op_subq_8_pd7",
            "m68k_op_subq_8_pi",
            "m68k_op_subq_8_pi7",
            "m68k_op_subx_16_mm",
            "m68k_op_subx_16_rr",
            "m68k_op_subx_32_mm",
            "m68k_op_subx_32_rr",
            "m68k_op_subx_8_mm",
            "m68k_op_subx_8_mm_ax7",
            "m68k_op_subx_8_mm_axy7",
            "m68k_op_subx_8_mm_ay7",
            "m68k_op_subx_8_rr",
            "m68k_op_svc_8_ai",
            "m68k_op_svc_8_al",
            "m68k_op_svc_8_aw",
            "m68k_op_svc_8_d",
            "m68k_op_svc_8_di",
            "m68k_op_svc_8_ix",
            "m68k_op_svc_8_pd",
            "m68k_op_svc_8_pd7",
            "m68k_op_svc_8_pi",
            "m68k_op_svc_8_pi7",
            "m68k_op_svs_8_ai",
            "m68k_op_svs_8_al",
            "m68k_op_svs_8_aw",
            "m68k_op_svs_8_d",
            "m68k_op_svs_8_di",
            "m68k_op_svs_8_ix",
            "m68k_op_svs_8_pd",
            "m68k_op_svs_8_pd7",
            "m68k_op_svs_8_pi",
            "m68k_op_svs_8_pi7",
            "m68k_op_swap_32",
            "m68k_op_tas_8_ai",
            "m68k_op_tas_8_al",
            "m68k_op_tas_8_aw",
            "m68k_op_tas_8_d",
            "m68k_op_tas_8_di",
            "m68k_op_tas_8_ix",
            "m68k_op_tas_8_pd",
            "m68k_op_tas_8_pd7",
            "m68k_op_tas_8_pi",
            "m68k_op_tas_8_pi7",
            "m68k_op_trap",
            "m68k_op_trapcc",
            "m68k_op_trapcc_16",
            "m68k_op_trapcc_32",
            "m68k_op_trapcs",
            "m68k_op_trapcs_16",
            "m68k_op_trapcs_32",
            "m68k_op_trapeq",
            "m68k_op_trapeq_16",
            "m68k_op_trapeq_32",
            "m68k_op_trapf",
            "m68k_op_trapf_16",
            "m68k_op_trapf_32",
            "m68k_op_trapge",
            "m68k_op_trapge_16",
            "m68k_op_trapge_32",
            "m68k_op_trapgt",
            "m68k_op_trapgt_16",
            "m68k_op_trapgt_32",
            "m68k_op_traphi",
            "m68k_op_traphi_16",
            "m68k_op_traphi_32",
            "m68k_op_traple",
            "m68k_op_traple_16",
            "m68k_op_traple_32",
            "m68k_op_trapls",
            "m68k_op_trapls_16",
            "m68k_op_trapls_32",
            "m68k_op_traplt",
            "m68k_op_traplt_16",
            "m68k_op_traplt_32",
            "m68k_op_trapmi",
            "m68k_op_trapmi_16",
            "m68k_op_trapmi_32",
            "m68k_op_trapne",
            "m68k_op_trapne_16",
            "m68k_op_trapne_32",
            "m68k_op_trappl",
            "m68k_op_trappl_16",
            "m68k_op_trappl_32",
            "m68k_op_trapt",
            "m68k_op_trapt_16",
            "m68k_op_trapt_32",
            "m68k_op_trapv",
            "m68k_op_trapvc",
            "m68k_op_trapvc_16",
            "m68k_op_trapvc_32",
            "m68k_op_trapvs",
            "m68k_op_trapvs_16",
            "m68k_op_trapvs_32",
            "m68k_op_tst_16_a",
            "m68k_op_tst_16_ai",
            "m68k_op_tst_16_al",
            "m68k_op_tst_16_aw",
            "m68k_op_tst_16_d",
            "m68k_op_tst_16_di",
            "m68k_op_tst_16_i",
            "m68k_op_tst_16_ix",
            "m68k_op_tst_16_pcdi",
            "m68k_op_tst_16_pcix",
            "m68k_op_tst_16_pd",
            "m68k_op_tst_16_pi",
            "m68k_op_tst_32_a",
            "m68k_op_tst_32_ai",
            "m68k_op_tst_32_al",
            "m68k_op_tst_32_aw",
            "m68k_op_tst_32_d",
            "m68k_op_tst_32_di",
            "m68k_op_tst_32_i",
            "m68k_op_tst_32_ix",
            "m68k_op_tst_32_pcdi",
            "m68k_op_tst_32_pcix",
            "m68k_op_tst_32_pd",
            "m68k_op_tst_32_pi",
            "m68k_op_tst_8_ai",
            "m68k_op_tst_8_al",
            "m68k_op_tst_8_aw",
            "m68k_op_tst_8_d",
            "m68k_op_tst_8_di",
            "m68k_op_tst_8_i",
            "m68k_op_tst_8_ix",
            "m68k_op_tst_8_pcdi",
            "m68k_op_tst_8_pcix",
            "m68k_op_tst_8_pd",
            "m68k_op_tst_8_pd7",
            "m68k_op_tst_8_pi",
            "m68k_op_tst_8_pi7",
            "m68k_op_unlk_32",
            "m68k_op_unlk_32_a7",
            "m68k_op_unpk_16_mm",
            "m68k_op_unpk_16_mm_ax7",
            "m68k_op_unpk_16_mm_axy7",
            "m68k_op_unpk_16_mm_ay7",
            "m68k_op_unpk_16_rr",
            "m68k_read_memory_16",
            "m68k_read_memory_32",
            "m68k_read_memory_8",
            "m68k_write_memory_16",
            "m68k_write_memory_32",
            "m68k_write_memory_8",
            "m68ki_bitfield_patch_ea",
            "m68ki_bitfield_patch_offset",
            "m68ki_branch_16",
            "m68ki_branch_32",
            "m68ki_branch_8",
            "m68ki_check_interrupts",
            "m68ki_exception_1010",
            "m68ki_exception_1111",
            "m68ki_exception_format_error",
            "m68ki_exception_illegal",
            "m68ki_exception_interrupt",
            "m68ki_exception_privilege_violation",
            "m68ki_exception_trap",
            "m68ki_exception_trapN",
            "m68ki_fake_pull_16",
            "m68ki_fake_pull_32",
            "m68ki_fake_push_16",
            "m68ki_fake_push_32",
            "m68ki_get_ea_ix",
            "m68ki_get_ea_pcdi",
            "m68ki_get_ea_pcix",
            "m68ki_init_exception",
            "m68ki_jump",
            "m68ki_jump_vector",
            "m68ki_load_bitfield",
            "m68ki_make_bf",
            "m68ki_pull_16",
            "m68ki_pull_32",
            "m68ki_push_16",
            "m68ki_push_32",
            "m68ki_read_16_fc",
            "m68ki_read_32_fc",
            "m68ki_read_8_fc",
            "m68ki_read_imm_16",
            "m68ki_read_imm_32",
            "m68ki_read_imm_8",
            "m68ki_set_ccr",
            "m68ki_set_s_flag",
            "m68ki_set_sm_flag",
            "m68ki_set_sm_flag_nosp",
            "m68ki_set_sr",
            "m68ki_set_sr_noint",
            "m68ki_stack_frame_0000",
            "m68ki_stack_frame_0001",
            "m68ki_stack_frame_0010",
            "m68ki_stack_frame_1000",
            "m68ki_stack_frame_3word",
            "m68ki_stack_frame_buserr",
            "m68ki_store_bitfield",
            "m68ki_write_16_fc",
            "m68ki_write_32_fc",
            "m68ki_write_8_fc",
            "siglongjmp"
          ]
        }
      ],
      "project_dependencies": [
        "experiments/cpu/cpu_adapter.c",
        "experiments/cpu/cpu_adapter.h",
        "third_party/musashi/m68k.h",
        "third_party/musashi/m68kconf.h",
        "third_party/musashi/m68kcpu.c",
        "third_party/musashi/m68kcpu.h",
        "third_party/musashi/m68kops.c",
        "third_party/musashi/m68kops.h"
      ],
      "compile_dependencies_sha256": "7a41935bba4d170b63d6ae69f99ba73f96358e5ec484ddfdad128b72be817050",
      "link_map_sha256": "ce1a27957ca5f411ab0564492d4ba609e07661c2cf9d1390221ca22e32f5d9ec"
    }
  ],
  "scope": "native compiler closure only; no platform matrix or backend admission",
  "elapsed_seconds": 4.817
}
<end of output>
Test time =   4.89 sec
----------------------------------------------------------
Test Passed.
"cpu_closure" end time: Oct 01 14:01 EDT
"cpu_closure" time elapsed: 00:00:04
----------------------------------------------------------

24/25 Testing: cpu_budget
24/25 Test: cpu_budget
Command: "<python>" "<source>/tools/cpu/audit.py" "budget" "--receipt" "<source>/build/cpu/experiments/cpu/budget.json"
Directory: <source>/build/cpu/experiments/cpu
"cpu_budget" start time: Oct 01 14:01 EDT
Output:
----------------------------------------------------------
{
  "status": "pass",
  "metrics": {
    "attempts": 2,
    "total_seconds": 11568,
    "attempt_seconds": 10422,
    "upstream_files": 6,
    "handwritten": 2489,
    "semantic": 374,
    "helpers": 404,
    "generated_files": 2,
    "generated_lines": 36559,
    "generated_bytes": 832698
  },
  "caps": {
    "attempts": 2,
    "total_seconds": 57600,
    "attempt_seconds": 28800,
    "upstream_files": 6,
    "handwritten": 5000,
    "semantic": 500,
    "helpers": 600,
    "generated_files": 2,
    "generated_lines": 50000,
    "generated_bytes": 2097152
  },
  "historical_replay": "experiments/cpu/evidence/recovery-accounting/history.json",
  "cumulative_method": "Historical edit replay plus every subsequent committed transition and current working diff; no net-diff reset.",
  "elapsed_seconds": 1.807
}
<end of output>
Test time =   1.88 sec
----------------------------------------------------------
Test Passed.
"cpu_budget" end time: Oct 01 14:01 EDT
"cpu_budget" time elapsed: 00:00:01
----------------------------------------------------------

25/25 Testing: cpu_audit_controls
25/25 Test: cpu_audit_controls
Command: "<python>" "<source>/tools/cpu/audit.py" "self-test"
Directory: <source>/build/cpu/experiments/cpu
"cpu_audit_controls" start time: Oct 01 14:01 EDT
Output:
----------------------------------------------------------
{
  "status": "pass",
  "controls": "tests/cpu/test_audit.py",
  "tests": 13,
  "elapsed_seconds": 3.219
}
<end of output>
Test time =   3.28 sec
----------------------------------------------------------
Test Passed.
"cpu_audit_controls" end time: Oct 01 14:01 EDT
"cpu_audit_controls" time elapsed: 00:00:03
----------------------------------------------------------

End testing: Oct 01 14:01 EDT

cpu =  22.26 sec*proc

cpu-fast =   0.04 sec*proc

